Workbook

Sheet 2026年10月 
A1: 46296 | C1: １年 | E1: ２年 | G1: ３年 | I1: ４年 | K1: 助産 | M1: 研究課程部 Ｍ１ | O1: 研究課程部 Ｍ２ | Q1: 研究課程部 Ｄ１ | S1: 研究課程部 Ｄ２３ | U1: =A1 -> 46296 | V1: 授業外その他教室等管理スケジュール | AA1: １階 | AG1: ２階 | AW1: ３階 | BI1: ４階 | BN1: 体育棟 | BP1: 研修棟
C2: =A1 -> 46296 | U2: =C2 -> 46296 | AA2: 101 | AB2: 102 | AC2: 103 | AD2: 在宅実習室 | AE2: 成人実習室 | AF2: 講堂 | AG2: 201 | AH2: 202 | AI2: 203 | AJ2: 204 | AK2: 205 | AL2: 基礎実習室 | AM2: 母性・小児実習室 | AN2: 演習21 | AO2: 演習22 | AP2: 演習23 | AQ2: 演習24 | AR2: 演習25 | AS2: 演習26 | AT2: 演習27 | AU2: 演習28 | AV2: 演習29 | AW2: 301 | AX2: 302 | AY2: 303 | AZ2: 304 | BA2: 臨床１ | BB2: 臨床２ | BC2: LL1 | BD2: LL2 | BE2: 実験室 | BF2: 情報処理室 | BG2: 演習31 | BH2: 演習32 | BI2: セミナー室１ | BJ2: セミナー室２ | BK2: セミナー室3 | BL2: セミナー室4 | BM2: セミナー室5 | BN2: 大講義室 | BO2: アリーナ | BP2: 研修１ | BQ2: 研修３ | BR2: 研修４ | BS2: 研修５ | BT2: 研修６ | BU2: 研修７ | BV2: 視聴覚室
A3: １時限（09：20～10：50） | B3: 科目名 | C3: =VLOOKUP($C2,'2026年度(1年後期)'!$B$5:$N$207,COLUMN('2026年度(1年後期)'!$C$5),0)&"" -> 教科書販売 | E3: =VLOOKUP($C2,'2026年度(2年後期)'!$B$5:$N$207,COLUMN('2026年度(2年後期)'!$C$5),0)&"" -> 教科書販売 | G3: =VLOOKUP($C2,'2026年度(3年後期)'!$B$5:$N$207,COLUMN('2026年度(3年後期)'!$C$5),0)&"" -> 領域別実習 | I3: =VLOOKUP($C2,'2026年度(4年後期)'!$B$5:$N$206,COLUMN('2026年度(4年後期)'!$C$5),0)&"" -> 教科書販売 | K3: =VLOOKUP($C2,'2026年度(助産後期)'!$B$5:$N$207,COLUMN('2026年度(助産後期)'!$C$5),0)&"" -> 助産学実習Ⅰ | M3: =VLOOKUP($C2,'2026年度(M1後期)'!$B$5:$N$207,COLUMN('2026年度(M1後期)'!$C$5),0)&"" -> がん看護学演習A-Ⅰ 感染症学特論 感染症学演習 | O3: =VLOOKUP($C2,'2026年度(M2後期)'!$B$5:$N$207,COLUMN('2026年度(M2後期)'!$C$5),0)&"" -> 特別研究 | Q3: =VLOOKUP($C2,'2026年度(D1後期)'!$B$5:$N$207,COLUMN('2026年度(D1後期)'!$C$5),0)&"" -> 看護情報・管理学演習Ｂ 長寿看護学演習Ｂ | S3: =VLOOKUP($C2,'2026年度(D23後期)'!$B$5:$N$207,COLUMN('2026年度(D23後期)'!$C$5),0)&"" -> 特別研究 | U3: 1,2限 | V3: 1限 | W3: 1限 | Y3: １限 | Z3: =A3 -> １時限（09：20～10：50） | AY3: 卒業研究（老年） | BD3: 日當 | BI3: D3坂口 | BM3: M1國分
B4: 教 官 | C4: =IFERROR(VLOOKUP(C3,科目・教員!$A$2:$B$342,2,0),"") | E4: =IFERROR(VLOOKUP(E3,科目・教員!$A$2:$B$342,2,0),"") | G4: =IFERROR(VLOOKUP(G3,科目・教員!$A$2:$B$342,2,0),"") | I4: =IFERROR(VLOOKUP(I3,科目・教員!$A$2:$B$342,2,0),"") | K4: =IFERROR(VLOOKUP(K3,科目・教員!$A$2:$B$342,2,0),"") -> 池田 真弓 | M4: =IFERROR(VLOOKUP(M3,科目・教員!$A$2:$B$342,2,0),"") | O4: =IFERROR(VLOOKUP(O3,科目・教員!$A$2:$B$342,2,0),"") | Q4: =IFERROR(VLOOKUP(Q3,科目・教員!$A$2:$B$342,2,0),"") | S4: =IFERROR(VLOOKUP(S3,科目・教員!$A$2:$B$342,2,0),"") | U4: 会議参加 | V4: 卒業研究（老年） | W4: ゼミ | Y4: 精神看護学
B5: 使用教室 | C5: =VLOOKUP($C2,'2026年度(1年後期)'!$B$5:$N$207,COLUMN('2026年度(1年後期)'!$C$5)+1,0)&"" -> 講堂前ロビー | E5: =VLOOKUP($C2,'2026年度(2年後期)'!$B$5:$N$207,COLUMN('2026年度(2年後期)'!$C$5)+1,0)&"" -> 講堂前ロビー | G5: =VLOOKUP($C2,'2026年度(3年後期)'!$B$5:$N$207,COLUMN('2026年度(3年後期)'!$C$5)+1,0)&"" | I5: =VLOOKUP($C2,'2026年度(4年後期)'!$B$5:$N$206,COLUMN('2026年度(4年後期)'!$C$5)+1,0)&"" -> 講堂前ロビー | K5: =VLOOKUP($C2,'2026年度(助産後期)'!$B$5:$N$207,COLUMN('2026年度(助産後期)'!$C$5)+1,0)&"" | M5: =VLOOKUP($C2,'2026年度(M1後期)'!$B$5:$N$207,COLUMN('2026年度(M1後期)'!$C$5)+1,0)&"" | O5: =VLOOKUP($C2,'2026年度(M2後期)'!$B$5:$N$207,COLUMN('2026年度(M2後期)'!$C$5)+1,0)&"" | Q5: =VLOOKUP($C2,'2026年度(D1後期)'!$B$5:$N$207,COLUMN('2026年度(D1後期)'!$C$5)+1,0)&"" | S5: =VLOOKUP($C2,'2026年度(D23後期)'!$B$5:$N$207,COLUMN('2026年度(D23後期)'!$C$5)+1,0)&"" | U5: 研究業務係日當 | V5: 松岡先生 | W5: D3坂口 | Y5: M1國分
B6: 備 考 | U6: LL2 | V6: 303教室 | W6: セミナールーム1 | Y6: セミナールーム５
A7: ２時限（11：00～12：30） | B7: 科目名 | C7: =VLOOKUP($C2,'2026年度(1年後期)'!$B$5:$N$207,COLUMN('2026年度(1年後期)'!$E$5),0)&"" -> 後期授業ガイダンス | E7: =VLOOKUP($C2,'2026年度(2年後期)'!$B$5:$N$207,COLUMN('2026年度(2年後期)'!$E$5),0)&"" -> 後期授業ガイダンス | G7: =VLOOKUP($C2,'2026年度(3年後期)'!$B$5:$N$207,COLUMN('2026年度(3年後期)'!$E$5),0)&"" -> 領域別実習 | I7: =VLOOKUP($C2,'2026年度(4年後期)'!$B$5:$N$206,COLUMN('2026年度(4年後期)'!$E$5),0)&"" -> 後期授業ガイダンス | K7: =VLOOKUP($C2,'2026年度(助産後期)'!$B$5:$N$207,COLUMN('2026年度(助産後期)'!$E$5),0)&"" -> 助産学実習Ⅰ | M7: =VLOOKUP($C2,'2026年度(M1後期)'!$B$5:$N$207,COLUMN('2026年度(M1後期)'!$E$5),0)&"" -> がん看護学演習A-Ⅰ 感染症学特論 感染症学演習 | O7: =VLOOKUP($C2,'2026年度(M2後期)'!$B$5:$N$207,COLUMN('2026年度(M2後期)'!$E$5),0)&"" -> 特別研究 | Q7: =VLOOKUP($C2,'2026年度(D1後期)'!$B$5:$N$207,COLUMN('2026年度(D1後期)'!$E$5),0)&"" -> 看護情報・管理学演習Ｂ 長寿看護学演習Ｂ | S7: =VLOOKUP($C2,'2026年度(D23後期)'!$B$5:$N$207,COLUMN('2026年度(D23後期)'!$E$5),0)&"" -> 特別研究 | U7: １１：００～１２：３０ | Z7: =A7 -> ２時限（11：00～12：30） | AA7: 後期授業ガイダンス | AG7: 後期授業ガイダンス | AW7: 後期授業ガイダンス | BD7: 日當 | BI7: M2尾澤
B8: 教 官 | C8: =IFERROR(VLOOKUP(C7,科目・教員!$A$2:$B$342,2,0),"") | E8: =IFERROR(VLOOKUP(E7,科目・教員!$A$2:$B$342,2,0),"") | G8: =IFERROR(VLOOKUP(G7,科目・教員!$A$2:$B$342,2,0),"") | I8: =IFERROR(VLOOKUP(I7,科目・教員!$A$2:$B$342,2,0),"") | K8: =IFERROR(VLOOKUP(K7,科目・教員!$A$2:$B$342,2,0),"") -> 池田 真弓 | M8: =IFERROR(VLOOKUP(M7,科目・教員!$A$2:$B$342,2,0),"") | O8: =IFERROR(VLOOKUP(O7,科目・教員!$A$2:$B$342,2,0),"") | Q8: =IFERROR(VLOOKUP(Q7,科目・教員!$A$2:$B$342,2,0),"") | S8: =IFERROR(VLOOKUP(S7,科目・教員!$A$2:$B$342,2,0),"") | U8: 特別研究
B9: 使用教室 | C9: =VLOOKUP($C2,'2026年度(1年後期)'!$B$5:$N$207,COLUMN('2026年度(1年後期)'!$E$5)+1,0)&"" -> 101 | E9: =VLOOKUP($C2,'2026年度(2年後期)'!$B$5:$N$207,COLUMN('2026年度(2年後期)'!$E$5)+1,0)&"" -> 201 | G9: =VLOOKUP($C2,'2026年度(3年後期)'!$B$5:$N$207,COLUMN('2026年度(3年後期)'!$E$5)+1,0)&"" | I9: =VLOOKUP($C2,'2026年度(4年後期)'!$B$5:$N$206,COLUMN('2026年度(4年後期)'!$E$5)+1,0)&"" -> 301 | K9: =VLOOKUP($C2,'2026年度(助産後期)'!$B$5:$N$207,COLUMN('2026年度(助産後期)'!$E$5)+1,0)&"" | M9: =VLOOKUP($C2,'2026年度(M1後期)'!$B$5:$N$207,COLUMN('2026年度(M1後期)'!$E$5)+1,0)&"" | O9: =VLOOKUP($C2,'2026年度(M2後期)'!$B$5:$N$207,COLUMN('2026年度(M2後期)'!$E$5)+1,0)&"" | Q9: =VLOOKUP($C2,'2026年度(D1後期)'!$B$5:$N$207,COLUMN('2026年度(D1後期)'!$E$5)+1,0)&"" | S9: =VLOOKUP($C2,'2026年度(D23後期)'!$B$5:$N$207,COLUMN('2026年度(D23後期)'!$E$5)+1,0)&"" | U9: M2尾澤
B10: 備 考 | U10: セミナールーム１
A11: 昼休み（12：30～13：30） | B11: 活動名 | Y11: １２：30～18：30 | Z11: =A11 -> 昼休み（12：30～13：30） | AF11: 演奏練習
B12: 責任者 | Y12: 卒業記念パーティ
B13: 使用教室 | Y13: 演奏会有志
B14: 備 考 | Y14: 講堂
A15: ３時限（13：30～15：00） | B15: 科目名 | C15: =VLOOKUP($C2,'2026年度(1年後期)'!$B$5:$N$207,COLUMN('2026年度(1年後期)'!$G$5),0)&"" -> 人体の構造と機能Ⅲ | E15: =VLOOKUP($C2,'2026年度(2年後期)'!$B$5:$N$207,COLUMN('2026年度(2年後期)'!$G$5),0)&"" -> 成人看護援助論Ⅱ | G15: =VLOOKUP($C2,'2026年度(3年後期)'!$B$5:$N$207,COLUMN('2026年度(3年後期)'!$G$5),0)&"" -> 領域別実習 | I15: =VLOOKUP($C2,'2026年度(4年後期)'!$B$5:$N$206,COLUMN('2026年度(4年後期)'!$G$5),0)&"" | K15: =VLOOKUP($C2,'2026年度(助産後期)'!$B$5:$N$207,COLUMN('2026年度(助産後期)'!$G$5),0)&"" -> 助産学実習Ⅰ | M15: =VLOOKUP($C2,'2026年度(M1後期)'!$B$5:$N$207,COLUMN('2026年度(M1後期)'!$G$5),0)&"" -> 感染症学特論 感染症学演習 成育看護学特論A-Ⅲ | O15: =VLOOKUP($C2,'2026年度(M2後期)'!$B$5:$N$207,COLUMN('2026年度(M2後期)'!$G$5),0)&"" -> 特別研究 | Q15: =VLOOKUP($C2,'2026年度(D1後期)'!$B$5:$N$207,COLUMN('2026年度(D1後期)'!$G$5),0)&"" | S15: =VLOOKUP($C2,'2026年度(D23後期)'!$B$5:$N$207,COLUMN('2026年度(D23後期)'!$G$5),0)&"" -> 特別研究 | U15: 3限 | V15: ３限 | W15: ３，４限 | Z15: =A15 -> ３時限（13：30～15：00） | AA15: 人体の構造と機能Ⅲ | AF15: 演奏練習 | AG15: 成人看護援助論Ⅱ | AW15: 卒研 小澤先生 | AZ15: 卒研 森下先生 | BI15: M1杉浦
B16: 教 官 | C16: =IFERROR(VLOOKUP(C15,科目・教員!$A$2:$B$342,2,0),"") -> 本間 典子 | E16: =IFERROR(VLOOKUP(E15,科目・教員!$A$2:$B$342,2,0),"") -> 藤澤 雄太 | G16: =IFERROR(VLOOKUP(G15,科目・教員!$A$2:$B$342,2,0),"") | I16: =IFERROR(VLOOKUP(I15,科目・教員!$A$2:$B$342,2,0),"") | K16: =IFERROR(VLOOKUP(K15,科目・教員!$A$2:$B$342,2,0),"") -> 池田 真弓 | M16: =IFERROR(VLOOKUP(M15,科目・教員!$A$2:$B$342,2,0),"") | O16: =IFERROR(VLOOKUP(O15,科目・教員!$A$2:$B$342,2,0),"") | Q16: =IFERROR(VLOOKUP(Q15,科目・教員!$A$2:$B$342,2,0),"") | S16: =IFERROR(VLOOKUP(S15,科目・教員!$A$2:$B$342,2,0),"") | U16: 卒研 | V16: 長寿 | W16: 卒業研究
B17: 使用教室 | C17: =VLOOKUP($C2,'2026年度(1年後期)'!$B$5:$N$207,COLUMN('2026年度(1年後期)'!$G$5)+1,0)&"" -> 101 | E17: =VLOOKUP($C2,'2026年度(2年後期)'!$B$5:$N$207,COLUMN('2026年度(2年後期)'!$G$5)+1,0)&"" -> 201 | G17: =VLOOKUP($C2,'2026年度(3年後期)'!$B$5:$N$207,COLUMN('2026年度(3年後期)'!$G$5)+1,0)&"" | I17: =VLOOKUP($C2,'2026年度(4年後期)'!$B$5:$N$206,COLUMN('2026年度(4年後期)'!$G$5)+1,0)&"" | K17: =VLOOKUP($C2,'2026年度(助産後期)'!$B$5:$N$207,COLUMN('2026年度(助産後期)'!$G$5)+1,0)&"" | M17: =VLOOKUP($C2,'2026年度(M1後期)'!$B$5:$N$207,COLUMN('2026年度(M1後期)'!$G$5)+1,0)&"" | O17: =VLOOKUP($C2,'2026年度(M2後期)'!$B$5:$N$207,COLUMN('2026年度(M2後期)'!$G$5)+1,0)&"" | Q17: =VLOOKUP($C2,'2026年度(D1後期)'!$B$5:$N$207,COLUMN('2026年度(D1後期)'!$G$5)+1,0)&"" | S17: =VLOOKUP($C2,'2026年度(D23後期)'!$B$5:$N$207,COLUMN('2026年度(D23後期)'!$G$5)+1,0)&"" | U17: 小澤先生 | V17: M1杉浦 | W17: 森下先生
B18: 備 考 | U18: 301教室 | V18: セミナールーム１ | W18: ３０４教室
A19: ４時限（15：10～16：40） | B19: 科目名 | C19: =VLOOKUP($C2,'2026年度(1年後期)'!$B$5:$N$207,COLUMN('2026年度(1年後期)'!$I$5),0)&"" | E19: =VLOOKUP($C2,'2026年度(2年後期)'!$B$5:$N$207,COLUMN('2026年度(2年後期)'!$I$5),0)&"" -> 母性看護援助論Ⅰ | G19: =VLOOKUP($C2,'2026年度(3年後期)'!$B$5:$N$207,COLUMN('2026年度(3年後期)'!$I$5),0)&"" -> 領域別実習 | I19: =VLOOKUP($C2,'2026年度(4年後期)'!$B$5:$N$206,COLUMN('2026年度(4年後期)'!$I$5),0)&"" | K19: =VLOOKUP($C2,'2026年度(助産後期)'!$B$5:$N$207,COLUMN('2026年度(助産後期)'!$I$5),0)&"" -> 助産学実習Ⅰ | M19: =VLOOKUP($C2,'2026年度(M1後期)'!$B$5:$N$207,COLUMN('2026年度(M1後期)'!$I$5),0)&"" -> 感染症学特論 感染症学演習 成育看護学特論A-Ⅲ | O19: =VLOOKUP($C2,'2026年度(M2後期)'!$B$5:$N$207,COLUMN('2026年度(M2後期)'!$I$5),0)&"" -> 特別研究 | Q19: =VLOOKUP($C2,'2026年度(D1後期)'!$B$5:$N$207,COLUMN('2026年度(D1後期)'!$I$5),0)&"" | S19: =VLOOKUP($C2,'2026年度(D23後期)'!$B$5:$N$207,COLUMN('2026年度(D23後期)'!$I$5),0)&"" -> 特別研究 | W19: １５：００～１７：００ | X19: 15:10～19：00 | Z19: =A19 -> ４時限（15：10～16：40） | AF19: 演奏練習 | AG19: 母性看護援助論Ⅰ | AZ19: 卒研 森下先生 | BK19: M2和田 | BN19: ウィンドアンサンブル
B20: 教 官 | C20: =IFERROR(VLOOKUP(C19,科目・教員!$A$2:$B$342,2,0),"") | E20: =IFERROR(VLOOKUP(E19,科目・教員!$A$2:$B$342,2,0),"") -> 日置 智華子 | G20: =IFERROR(VLOOKUP(G19,科目・教員!$A$2:$B$342,2,0),"") | I20: =IFERROR(VLOOKUP(I19,科目・教員!$A$2:$B$342,2,0),"") | K20: =IFERROR(VLOOKUP(K19,科目・教員!$A$2:$B$342,2,0),"") -> 池田 真弓 | M20: =IFERROR(VLOOKUP(M19,科目・教員!$A$2:$B$342,2,0),"") | O20: =IFERROR(VLOOKUP(O19,科目・教員!$A$2:$B$342,2,0),"") | Q20: =IFERROR(VLOOKUP(Q19,科目・教員!$A$2:$B$342,2,0),"") | S20: =IFERROR(VLOOKUP(S19,科目・教員!$A$2:$B$342,2,0),"") | W20: 特別研究 | X20: 清秋祭演奏練習
B21: 使用教室 | C21: =VLOOKUP($C2,'2026年度(1年後期)'!$B$5:$N$207,COLUMN('2026年度(1年後期)'!$I$5)+1,0)&"" | E21: =VLOOKUP($C2,'2026年度(2年後期)'!$B$5:$N$207,COLUMN('2026年度(2年後期)'!$I$5)+1,0)&"" -> 201 | G21: =VLOOKUP($C2,'2026年度(3年後期)'!$B$5:$N$207,COLUMN('2026年度(3年後期)'!$I$5)+1,0)&"" | I21: =VLOOKUP($C2,'2026年度(4年後期)'!$B$5:$N$206,COLUMN('2026年度(4年後期)'!$I$5)+1,0)&"" | K21: =VLOOKUP($C2,'2026年度(助産後期)'!$B$5:$N$207,COLUMN('2026年度(助産後期)'!$I$5)+1,0)&"" | M21: =VLOOKUP($C2,'2026年度(M1後期)'!$B$5:$N$207,COLUMN('2026年度(M1後期)'!$I$5)+1,0)&"" | O21: =VLOOKUP($C2,'2026年度(M2後期)'!$B$5:$N$207,COLUMN('2026年度(M2後期)'!$I$5)+1,0)&"" | Q21: =VLOOKUP($C2,'2026年度(D1後期)'!$B$5:$N$207,COLUMN('2026年度(D1後期)'!$I$5)+1,0)&"" | S21: =VLOOKUP($C2,'2026年度(D23後期)'!$B$5:$N$207,COLUMN('2026年度(D23後期)'!$I$5)+1,0)&"" | W21: M2和田 | X21: ウィンドアンサンブル
B22: 備 考 | W22: セミナールーム３ | X22: 大講義室
A23: ５時限（16：50～18：20） | B23: 科目名 | C23: =VLOOKUP($C2,'2026年度(1年後期)'!$B$5:$N$207,COLUMN('2026年度(1年後期)'!$K$5),0)&"" | E23: =VLOOKUP($C2,'2026年度(2年後期)'!$B$5:$N$207,COLUMN('2026年度(2年後期)'!$K$5),0)&"" | G23: =VLOOKUP($C2,'2026年度(3年後期)'!$B$5:$N$207,COLUMN('2026年度(3年後期)'!$K$5),0)&"" | I23: =VLOOKUP($C2,'2026年度(4年後期)'!$B$5:$N$206,COLUMN('2026年度(4年後期)'!$K$5),0)&"" | K23: =VLOOKUP($C2,'2026年度(助産後期)'!$B$5:$N$207,COLUMN('2026年度(助産後期)'!$K$5),0)&"" | M23: =VLOOKUP($C2,'2026年度(M1後期)'!$B$5:$N$207,COLUMN('2026年度(M1後期)'!$K$5),0)&"" | O23: =VLOOKUP($C2,'2026年度(M2後期)'!$B$5:$N$207,COLUMN('2026年度(M2後期)'!$K$5),0)&"" | Q23: =VLOOKUP($C2,'2026年度(D1後期)'!$B$5:$N$207,COLUMN('2026年度(D1後期)'!$K$5),0)&"" | S23: =VLOOKUP($C2,'2026年度(D23後期)'!$B$5:$N$207,COLUMN('2026年度(D23後期)'!$K$5),0)&"" | U23: 5限 | V23: 16：50～ | W23: １６：４０～18：20 | Z23: =A23 -> ５時限（16：50～18：20） | AA23: 手話サークル | AF23: 演奏練習 | AX23: 清秋祭執行委員会会議 | BJ23: M1松本 | BK23: M2和田 | BN23: ウィンドアンサンブル
B24: 教 官 | C24: =IFERROR(VLOOKUP(C23,科目・教員!$A$2:$B$342,2,0),"") | E24: =IFERROR(VLOOKUP(E23,科目・教員!$A$2:$B$342,2,0),"") | G24: =IFERROR(VLOOKUP(G23,科目・教員!$A$2:$B$342,2,0),"") | I24: =IFERROR(VLOOKUP(I23,科目・教員!$A$2:$B$342,2,0),"") | K24: =IFERROR(VLOOKUP(K23,科目・教員!$A$2:$B$342,2,0),"") | M24: =IFERROR(VLOOKUP(M23,科目・教員!$A$2:$B$342,2,0),"") | O24: =IFERROR(VLOOKUP(O23,科目・教員!$A$2:$B$342,2,0),"") | Q24: =IFERROR(VLOOKUP(Q23,科目・教員!$A$2:$B$342,2,0),"") | S24: =IFERROR(VLOOKUP(S23,科目・教員!$A$2:$B$342,2,0),"") | U24: 成人看護学 | V24: 清秋祭執行会議 | W24: 手話サークル
B25: 使用教室 | C25: =VLOOKUP($C2,'2026年度(1年後期)'!$B$5:$N$207,COLUMN('2026年度(1年後期)'!$K$5)+1,0)&"" | E25: =VLOOKUP($C2,'2026年度(2年後期)'!$B$5:$N$207,COLUMN('2026年度(2年後期)'!$K$5)+1,0)&"" | G25: =VLOOKUP($C2,'2026年度(3年後期)'!$B$5:$N$207,COLUMN('2026年度(3年後期)'!$K$5)+1,0)&"" | I25: =VLOOKUP($C2,'2026年度(4年後期)'!$B$5:$N$206,COLUMN('2026年度(4年後期)'!$K$5)+1,0)&"" | K25: =VLOOKUP($C2,'2026年度(助産後期)'!$B$5:$N$207,COLUMN('2026年度(助産後期)'!$K$5)+1,0)&"" | M25: =VLOOKUP($C2,'2026年度(M1後期)'!$B$5:$N$207,COLUMN('2026年度(M1後期)'!$K$5)+1,0)&"" | O25: =VLOOKUP($C2,'2026年度(M2後期)'!$B$5:$N$207,COLUMN('2026年度(M2後期)'!$K$5)+1,0)&"" | Q25: =VLOOKUP($C2,'2026年度(D1後期)'!$B$5:$N$207,COLUMN('2026年度(D1後期)'!$K$5)+1,0)&"" | S25: =VLOOKUP($C2,'2026年度(D23後期)'!$B$5:$N$207,COLUMN('2026年度(D23後期)'!$K$5)+1,0)&"" | U25: M1松本 | V25: 執行委員会 | W25: １０１教室
B26: 備 考 | U26: セミナールーム2 | V26: ３０２教室
C27: =C2+1 -> 46297 | U27: =C27 -> 46297 | AA27: 101 | AB27: 102 | AC27: 103 | AD27: 在宅実習室 | AE27: 成人実習室 | AF27: 講堂 | AG27: 201 | AH27: 202 | AI27: 203 | AJ27: 204 | AK27: 205 | AL27: 基礎実習室 | AM27: 母性・小児実習室 | AN27: 演習21 | AO27: 演習22 | AP27: 演習23 | AQ27: 演習24 | AR27: 演習25 | AS27: 演習26 | AT27: 演習27 | AU27: 演習28 | AV27: 演習29 | AW27: 301 | AX27: 302 | AY27: 303 | AZ27: 304 | BA27: 臨床１ | BB27: 臨床２ | BC27: LL1 | BD27: LL2 | BE27: 実験室 | BF27: 情報処理室 | BG27: 演習31 | BH27: 演習32 | BI27: セミナー室１ | BJ27: セミナー室２ | BK27: セミナー室3 | BL27: セミナー室4 | BM27: セミナー室5 | BN27: 大講義室 | BO27: アリーナ | BP27: 研修１ | BQ27: 研修３ | BR27: 研修４ | BS27: 研修５ | BT27: 研修６ | BU27: 研修７ | BV27: 視聴覚室
A28: １時限（09：20～10：50） | B28: 科目名 | C28: =VLOOKUP($C27,'2026年度(1年後期)'!$B$5:$N$207,COLUMN('2026年度(1年後期)'!$C$5),0)&"" | E28: =VLOOKUP($C27,'2026年度(2年後期)'!$B$5:$N$207,COLUMN('2026年度(2年後期)'!$C$5),0)&"" -> 看護基礎理論 | G28: =VLOOKUP($C27,'2026年度(3年後期)'!$B$5:$N$207,COLUMN('2026年度(3年後期)'!$C$5),0)&"" -> 領域別実習 | I28: =VLOOKUP($C27,'2026年度(4年後期)'!$B$5:$N$206,COLUMN('2026年度(4年後期)'!$C$5),0)&"" -> 卒業研究Ⅱ | K28: =VLOOKUP($C27,'2026年度(助産後期)'!$B$5:$N$207,COLUMN('2026年度(助産後期)'!$C$5),0)&"" -> 助産学実習Ⅰ | M28: =VLOOKUP($C27,'2026年度(M1後期)'!$B$5:$N$207,COLUMN('2026年度(M1後期)'!$C$5),0)&"" -> 看護継続教育 長寿看護学演習A-Ⅰ | O28: =VLOOKUP($C27,'2026年度(M2後期)'!$B$5:$N$207,COLUMN('2026年度(M2後期)'!$C$5),0)&"" -> 感染管理看護学演習A-Ⅱ 特別研究 | Q28: =VLOOKUP($C27,'2026年度(D1後期)'!$B$5:$N$207,COLUMN('2026年度(D1後期)'!$C$5),0)&"" -> 精神看護学演習Ｂ | S28: =VLOOKUP($C27,'2026年度(D23後期)'!$B$5:$N$207,COLUMN('2026年度(D23後期)'!$C$5),0)&"" -> 特別研究 | Z28: =A28 -> １時限（09：20～10：50） | AG28: 看護基礎理論 | BA28: 看護継続教育
B29: 教 官 | C29: =IFERROR(VLOOKUP(C28,科目・教員!$A$2:$B$342,2,0),"") | E29: =IFERROR(VLOOKUP(E28,科目・教員!$A$2:$B$342,2,0),"") -> 水野 正之 | G29: =IFERROR(VLOOKUP(G28,科目・教員!$A$2:$B$342,2,0),"") | I29: =IFERROR(VLOOKUP(I28,科目・教員!$A$2:$B$342,2,0),"") -> 各担当教員 | K29: =IFERROR(VLOOKUP(K28,科目・教員!$A$2:$B$342,2,0),"") -> 池田 真弓 | M29: =IFERROR(VLOOKUP(M28,科目・教員!$A$2:$B$342,2,0),"") | O29: =IFERROR(VLOOKUP(O28,科目・教員!$A$2:$B$342,2,0),"") | Q29: =IFERROR(VLOOKUP(Q28,科目・教員!$A$2:$B$342,2,0),"") | S29: =IFERROR(VLOOKUP(S28,科目・教員!$A$2:$B$342,2,0),"")
B30: 使用教室 | C30: =VLOOKUP($C27,'2026年度(1年後期)'!$B$5:$N$207,COLUMN('2026年度(1年後期)'!$C$5)+1,0)&"" | E30: =VLOOKUP($C27,'2026年度(2年後期)'!$B$5:$N$207,COLUMN('2026年度(2年後期)'!$C$5)+1,0)&"" -> 201 | G30: =VLOOKUP($C27,'2026年度(3年後期)'!$B$5:$N$207,COLUMN('2026年度(3年後期)'!$C$5)+1,0)&"" | I30: =VLOOKUP($C27,'2026年度(4年後期)'!$B$5:$N$206,COLUMN('2026年度(4年後期)'!$C$5)+1,0)&"" | K30: =VLOOKUP($C27,'2026年度(助産後期)'!$B$5:$N$207,COLUMN('2026年度(助産後期)'!$C$5)+1,0)&"" | M30: =VLOOKUP($C27,'2026年度(M1後期)'!$B$5:$N$207,COLUMN('2026年度(M1後期)'!$C$5)+1,0)&"" -> 教育:臨床講義室1 | O30: =VLOOKUP($C27,'2026年度(M2後期)'!$B$5:$N$207,COLUMN('2026年度(M2後期)'!$C$5)+1,0)&"" | Q30: =VLOOKUP($C27,'2026年度(D1後期)'!$B$5:$N$207,COLUMN('2026年度(D1後期)'!$C$5)+1,0)&"" | S30: =VLOOKUP($C27,'2026年度(D23後期)'!$B$5:$N$207,COLUMN('2026年度(D23後期)'!$C$5)+1,0)&""
B31: 備 考
A32: ２時限（11：00～12：30） | B32: 科目名 | C32: =VLOOKUP($C27,'2026年度(1年後期)'!$B$5:$N$207,COLUMN('2026年度(1年後期)'!$E$5),0)&"" -> 食と健康 | E32: =VLOOKUP($C27,'2026年度(2年後期)'!$B$5:$N$207,COLUMN('2026年度(2年後期)'!$E$5),0)&"" -> 小児看護学概論 | G32: =VLOOKUP($C27,'2026年度(3年後期)'!$B$5:$N$207,COLUMN('2026年度(3年後期)'!$E$5),0)&"" -> 領域別実習 | I32: =VLOOKUP($C27,'2026年度(4年後期)'!$B$5:$N$206,COLUMN('2026年度(4年後期)'!$E$5),0)&"" -> 卒業研究Ⅱ | K32: =VLOOKUP($C27,'2026年度(助産後期)'!$B$5:$N$207,COLUMN('2026年度(助産後期)'!$E$5),0)&"" -> 助産学実習Ⅰ | M32: =VLOOKUP($C27,'2026年度(M1後期)'!$B$5:$N$207,COLUMN('2026年度(M1後期)'!$E$5),0)&"" -> 看護継続教育 長寿看護学演習A-Ⅰ | O32: =VLOOKUP($C27,'2026年度(M2後期)'!$B$5:$N$207,COLUMN('2026年度(M2後期)'!$E$5),0)&"" -> 感染管理看護学演習A-Ⅱ 特別研究 | Q32: =VLOOKUP($C27,'2026年度(D1後期)'!$B$5:$N$207,COLUMN('2026年度(D1後期)'!$E$5),0)&"" -> 精神看護学演習Ｂ | S32: =VLOOKUP($C27,'2026年度(D23後期)'!$B$5:$N$207,COLUMN('2026年度(D23後期)'!$E$5),0)&"" -> 特別研究 | Z32: =A32 -> ２時限（11：00～12：30） | AA32: 食と健康 | AG32: 小児看護学概論 | BA32: 看護継続教育
B33: 教 官 | C33: =IFERROR(VLOOKUP(C32,科目・教員!$A$2:$B$342,2,0),"") -> 本間 典子 | E33: =IFERROR(VLOOKUP(E32,科目・教員!$A$2:$B$342,2,0),"") -> 来生 奈巳子 | G33: =IFERROR(VLOOKUP(G32,科目・教員!$A$2:$B$342,2,0),"") | I33: =IFERROR(VLOOKUP(I32,科目・教員!$A$2:$B$342,2,0),"") -> 各担当教員 | K33: =IFERROR(VLOOKUP(K32,科目・教員!$A$2:$B$342,2,0),"") -> 池田 真弓 | M33: =IFERROR(VLOOKUP(M32,科目・教員!$A$2:$B$342,2,0),"") | O33: =IFERROR(VLOOKUP(O32,科目・教員!$A$2:$B$342,2,0),"") | Q33: =IFERROR(VLOOKUP(Q32,科目・教員!$A$2:$B$342,2,0),"") | S33: =IFERROR(VLOOKUP(S32,科目・教員!$A$2:$B$342,2,0),"")
B34: 使用教室 | C34: =VLOOKUP($C27,'2026年度(1年後期)'!$B$5:$N$207,COLUMN('2026年度(1年後期)'!$E$5)+1,0)&"" -> 101 | E34: =VLOOKUP($C27,'2026年度(2年後期)'!$B$5:$N$207,COLUMN('2026年度(2年後期)'!$E$5)+1,0)&"" -> 201 | G34: =VLOOKUP($C27,'2026年度(3年後期)'!$B$5:$N$207,COLUMN('2026年度(3年後期)'!$E$5)+1,0)&"" | I34: =VLOOKUP($C27,'2026年度(4年後期)'!$B$5:$N$206,COLUMN('2026年度(4年後期)'!$E$5)+1,0)&"" | K34: =VLOOKUP($C27,'2026年度(助産後期)'!$B$5:$N$207,COLUMN('2026年度(助産後期)'!$E$5)+1,0)&"" | M34: =VLOOKUP($C27,'2026年度(M1後期)'!$B$5:$N$207,COLUMN('2026年度(M1後期)'!$E$5)+1,0)&"" -> 教育:臨床講義室1 | O34: =VLOOKUP($C27,'2026年度(M2後期)'!$B$5:$N$207,COLUMN('2026年度(M2後期)'!$E$5)+1,0)&"" | Q34: =VLOOKUP($C27,'2026年度(D1後期)'!$B$5:$N$207,COLUMN('2026年度(D1後期)'!$E$5)+1,0)&"" | S34: =VLOOKUP($C27,'2026年度(D23後期)'!$B$5:$N$207,COLUMN('2026年度(D23後期)'!$E$5)+1,0)&""
B35: 備 考
A36: 昼休み（12：30～13：30） | B36: 活動名 | Z36: =A36 -> 昼休み（12：30～13：30）
B37: 責任者
B38: 使用教室
B39: 備 考
A40: ３時限（13：30～15：00） | B40: 科目名 | C40: =VLOOKUP($C27,'2026年度(1年後期)'!$B$5:$N$207,COLUMN('2026年度(1年後期)'!$G$5),0)&"" -> 疫学・保健統計学Ⅱ | E40: =VLOOKUP($C27,'2026年度(2年後期)'!$B$5:$N$207,COLUMN('2026年度(2年後期)'!$G$5),0)&"" -> 基礎看護学実習Ⅱ オリエンテーション① | G40: =VLOOKUP($C27,'2026年度(3年後期)'!$B$5:$N$207,COLUMN('2026年度(3年後期)'!$G$5),0)&"" -> 領域別実習 | I40: =VLOOKUP($C27,'2026年度(4年後期)'!$B$5:$N$206,COLUMN('2026年度(4年後期)'!$G$5),0)&"" | K40: =VLOOKUP($C27,'2026年度(助産後期)'!$B$5:$N$207,COLUMN('2026年度(助産後期)'!$G$5),0)&"" -> 助産学実習Ⅰ | M40: =VLOOKUP($C27,'2026年度(M1後期)'!$B$5:$N$207,COLUMN('2026年度(M1後期)'!$G$5),0)&"" -> 看護統計学 | O40: =VLOOKUP($C27,'2026年度(M2後期)'!$B$5:$N$207,COLUMN('2026年度(M2後期)'!$G$5),0)&"" -> 特別研究 | Q40: =VLOOKUP($C27,'2026年度(D1後期)'!$B$5:$N$207,COLUMN('2026年度(D1後期)'!$G$5),0)&"" | S40: =VLOOKUP($C27,'2026年度(D23後期)'!$B$5:$N$207,COLUMN('2026年度(D23後期)'!$G$5),0)&"" -> 特別研究 | U40: 3限 | Z40: =A40 -> ３時限（13：30～15：00） | AA40: 疫学･保健統計学Ⅱ | AG40: 基礎看護学実習Ⅱオリエンテーション | AH40: 基礎看護学実習Ⅱオリエンテーション | BD40: 研究業務係 日當 | BF40: 看護統計学
B41: 教 官 | C41: =IFERROR(VLOOKUP(C40,科目・教員!$A$2:$B$342,2,0),"") -> 柏木 公一 | E41: =IFERROR(VLOOKUP(E40,科目・教員!$A$2:$B$342,2,0),"") | G41: =IFERROR(VLOOKUP(G40,科目・教員!$A$2:$B$342,2,0),"") | I41: =IFERROR(VLOOKUP(I40,科目・教員!$A$2:$B$342,2,0),"") | K41: =IFERROR(VLOOKUP(K40,科目・教員!$A$2:$B$342,2,0),"") -> 池田 真弓 | M41: =IFERROR(VLOOKUP(M40,科目・教員!$A$2:$B$342,2,0),"") -> 柏木 公一 | O41: =IFERROR(VLOOKUP(O40,科目・教員!$A$2:$B$342,2,0),"") | Q41: =IFERROR(VLOOKUP(Q40,科目・教員!$A$2:$B$342,2,0),"") | S41: =IFERROR(VLOOKUP(S40,科目・教員!$A$2:$B$342,2,0),"") | U41: 会議参加
B42: 使用教室 | C42: =VLOOKUP($C27,'2026年度(1年後期)'!$B$5:$N$207,COLUMN('2026年度(1年後期)'!$G$5)+1,0)&"" -> 101 | E42: =VLOOKUP($C27,'2026年度(2年後期)'!$B$5:$N$207,COLUMN('2026年度(2年後期)'!$G$5)+1,0)&"" -> 201･202 | G42: =VLOOKUP($C27,'2026年度(3年後期)'!$B$5:$N$207,COLUMN('2026年度(3年後期)'!$G$5)+1,0)&"" | I42: =VLOOKUP($C27,'2026年度(4年後期)'!$B$5:$N$206,COLUMN('2026年度(4年後期)'!$G$5)+1,0)&"" | K42: =VLOOKUP($C27,'2026年度(助産後期)'!$B$5:$N$207,COLUMN('2026年度(助産後期)'!$G$5)+1,0)&"" | M42: =VLOOKUP($C27,'2026年度(M1後期)'!$B$5:$N$207,COLUMN('2026年度(M1後期)'!$G$5)+1,0)&"" -> 情報処理室 | O42: =VLOOKUP($C27,'2026年度(M2後期)'!$B$5:$N$207,COLUMN('2026年度(M2後期)'!$G$5)+1,0)&"" | Q42: =VLOOKUP($C27,'2026年度(D1後期)'!$B$5:$N$207,COLUMN('2026年度(D1後期)'!$G$5)+1,0)&"" | S42: =VLOOKUP($C27,'2026年度(D23後期)'!$B$5:$N$207,COLUMN('2026年度(D23後期)'!$G$5)+1,0)&"" | U42: 研究業務係日當
B43: 備 考 | U43: LL2
A44: ４時限（15：10～16：40） | B44: 科目名 | C44: =VLOOKUP($C27,'2026年度(1年後期)'!$B$5:$N$207,COLUMN('2026年度(1年後期)'!$I$5),0)&"" -> 微生物と人間 | E44: =VLOOKUP($C27,'2026年度(2年後期)'!$B$5:$N$207,COLUMN('2026年度(2年後期)'!$I$5),0)&"" -> 基礎看護学実習Ⅱ オリエンテーション① | G44: =VLOOKUP($C27,'2026年度(3年後期)'!$B$5:$N$207,COLUMN('2026年度(3年後期)'!$I$5),0)&"" -> 領域別実習 | I44: =VLOOKUP($C27,'2026年度(4年後期)'!$B$5:$N$206,COLUMN('2026年度(4年後期)'!$I$5),0)&"" | K44: =VLOOKUP($C27,'2026年度(助産後期)'!$B$5:$N$207,COLUMN('2026年度(助産後期)'!$I$5),0)&"" -> 助産学実習Ⅰ | M44: =VLOOKUP($C27,'2026年度(M1後期)'!$B$5:$N$207,COLUMN('2026年度(M1後期)'!$I$5),0)&"" -> 看護統計学 | O44: =VLOOKUP($C27,'2026年度(M2後期)'!$B$5:$N$207,COLUMN('2026年度(M2後期)'!$I$5),0)&"" -> 特別研究 | Q44: =VLOOKUP($C27,'2026年度(D1後期)'!$B$5:$N$207,COLUMN('2026年度(D1後期)'!$I$5),0)&"" | S44: =VLOOKUP($C27,'2026年度(D23後期)'!$B$5:$N$207,COLUMN('2026年度(D23後期)'!$I$5),0)&"" -> 特別研究 | Z44: =A44 -> ４時限（15：10～16：40） | AA44: 微生物と人間 | AG44: 基礎看護学実習Ⅱオリエンテーション | AH44: 基礎看護学実習Ⅱオリエンテーション | BF44: 看護統計学 | BN44: ウィンドアンサンブル
B45: 教 官 | C45: =IFERROR(VLOOKUP(C44,科目・教員!$A$2:$B$342,2,0),"") -> 森 那美子 | E45: =IFERROR(VLOOKUP(E44,科目・教員!$A$2:$B$342,2,0),"") | G45: =IFERROR(VLOOKUP(G44,科目・教員!$A$2:$B$342,2,0),"") | I45: =IFERROR(VLOOKUP(I44,科目・教員!$A$2:$B$342,2,0),"") | K45: =IFERROR(VLOOKUP(K44,科目・教員!$A$2:$B$342,2,0),"") -> 池田 真弓 | M45: =IFERROR(VLOOKUP(M44,科目・教員!$A$2:$B$342,2,0),"") -> 柏木 公一 | O45: =IFERROR(VLOOKUP(O44,科目・教員!$A$2:$B$342,2,0),"") | Q45: =IFERROR(VLOOKUP(Q44,科目・教員!$A$2:$B$342,2,0),"") | S45: =IFERROR(VLOOKUP(S44,科目・教員!$A$2:$B$342,2,0),"")
B46: 使用教室 | C46: =VLOOKUP($C27,'2026年度(1年後期)'!$B$5:$N$207,COLUMN('2026年度(1年後期)'!$I$5)+1,0)&"" -> 101 | E46: =VLOOKUP($C27,'2026年度(2年後期)'!$B$5:$N$207,COLUMN('2026年度(2年後期)'!$I$5)+1,0)&"" -> 201･202 | G46: =VLOOKUP($C27,'2026年度(3年後期)'!$B$5:$N$207,COLUMN('2026年度(3年後期)'!$I$5)+1,0)&"" | I46: =VLOOKUP($C27,'2026年度(4年後期)'!$B$5:$N$206,COLUMN('2026年度(4年後期)'!$I$5)+1,0)&"" | K46: =VLOOKUP($C27,'2026年度(助産後期)'!$B$5:$N$207,COLUMN('2026年度(助産後期)'!$I$5)+1,0)&"" | M46: =VLOOKUP($C27,'2026年度(M1後期)'!$B$5:$N$207,COLUMN('2026年度(M1後期)'!$I$5)+1,0)&"" -> 情報処理室 | O46: =VLOOKUP($C27,'2026年度(M2後期)'!$B$5:$N$207,COLUMN('2026年度(M2後期)'!$I$5)+1,0)&"" | Q46: =VLOOKUP($C27,'2026年度(D1後期)'!$B$5:$N$207,COLUMN('2026年度(D1後期)'!$I$5)+1,0)&"" | S46: =VLOOKUP($C27,'2026年度(D23後期)'!$B$5:$N$207,COLUMN('2026年度(D23後期)'!$I$5)+1,0)&""
B47: 備 考
A48: ５時限（16：50～18：20） | B48: 科目名 | C48: =VLOOKUP($C27,'2026年度(1年後期)'!$B$5:$N$207,COLUMN('2026年度(1年後期)'!$K$5),0)&"" | E48: =VLOOKUP($C27,'2026年度(2年後期)'!$B$5:$N$207,COLUMN('2026年度(2年後期)'!$K$5),0)&"" | G48: =VLOOKUP($C27,'2026年度(3年後期)'!$B$5:$N$207,COLUMN('2026年度(3年後期)'!$K$5),0)&"" | I48: =VLOOKUP($C27,'2026年度(4年後期)'!$B$5:$N$206,COLUMN('2026年度(4年後期)'!$K$5),0)&"" | K48: =VLOOKUP($C27,'2026年度(助産後期)'!$B$5:$N$207,COLUMN('2026年度(助産後期)'!$K$5),0)&"" | M48: =VLOOKUP($C27,'2026年度(M1後期)'!$B$5:$N$207,COLUMN('2026年度(M1後期)'!$K$5),0)&"" | O48: =VLOOKUP($C27,'2026年度(M2後期)'!$B$5:$N$207,COLUMN('2026年度(M2後期)'!$K$5),0)&"" | Q48: =VLOOKUP($C27,'2026年度(D1後期)'!$B$5:$N$207,COLUMN('2026年度(D1後期)'!$K$5),0)&"" | S48: =VLOOKUP($C27,'2026年度(D23後期)'!$B$5:$N$207,COLUMN('2026年度(D23後期)'!$K$5),0)&"" | U48: １６：４０～18：20 | W48: 16：40～18：20 | X48: 16：50～19：00 | Y48: 16：40～18：20 | Z48: =A48 -> ５時限（16：50～18：20） | AA48: 手話サークル | AC48: 大学校祭準備（VR） | AF48: 有志合唱 | BN48: ウィンドアンサンブル
B49: 教 官 | C49: =IFERROR(VLOOKUP(C48,科目・教員!$A$2:$B$342,2,0),"") | E49: =IFERROR(VLOOKUP(E48,科目・教員!$A$2:$B$342,2,0),"") | G49: =IFERROR(VLOOKUP(G48,科目・教員!$A$2:$B$342,2,0),"") | I49: =IFERROR(VLOOKUP(I48,科目・教員!$A$2:$B$342,2,0),"") | K49: =IFERROR(VLOOKUP(K48,科目・教員!$A$2:$B$342,2,0),"") | M49: =IFERROR(VLOOKUP(M48,科目・教員!$A$2:$B$342,2,0),"") | O49: =IFERROR(VLOOKUP(O48,科目・教員!$A$2:$B$342,2,0),"") | Q49: =IFERROR(VLOOKUP(Q48,科目・教員!$A$2:$B$342,2,0),"") | S49: =IFERROR(VLOOKUP(S48,科目・教員!$A$2:$B$342,2,0),"") | U49: 大学校祭準備（VR体験） | W49: 手話サークル | X49: 清秋祭演奏練習 | Y49: 有志合唱練習
B50: 使用教室 | C50: =VLOOKUP($C27,'2026年度(1年後期)'!$B$5:$N$207,COLUMN('2026年度(1年後期)'!$K$5)+1,0)&"" | E50: =VLOOKUP($C27,'2026年度(2年後期)'!$B$5:$N$207,COLUMN('2026年度(2年後期)'!$K$5)+1,0)&"" | G50: =VLOOKUP($C27,'2026年度(3年後期)'!$B$5:$N$207,COLUMN('2026年度(3年後期)'!$K$5)+1,0)&"" | I50: =VLOOKUP($C27,'2026年度(4年後期)'!$B$5:$N$206,COLUMN('2026年度(4年後期)'!$K$5)+1,0)&"" | K50: =VLOOKUP($C27,'2026年度(助産後期)'!$B$5:$N$207,COLUMN('2026年度(助産後期)'!$K$5)+1,0)&"" | M50: =VLOOKUP($C27,'2026年度(M1後期)'!$B$5:$N$207,COLUMN('2026年度(M1後期)'!$K$5)+1,0)&"" | O50: =VLOOKUP($C27,'2026年度(M2後期)'!$B$5:$N$207,COLUMN('2026年度(M2後期)'!$K$5)+1,0)&"" | Q50: =VLOOKUP($C27,'2026年度(D1後期)'!$B$5:$N$207,COLUMN('2026年度(D1後期)'!$K$5)+1,0)&"" | S50: =VLOOKUP($C27,'2026年度(D23後期)'!$B$5:$N$207,COLUMN('2026年度(D23後期)'!$K$5)+1,0)&"" | U50: １０３教室 | W50: １０１教室 | X50: ウィンドアンサンブル | Y50: 講堂
B51: 備 考 | X51: 大講義室
C52: =C27+1 -> 46298 | U52: =C52 -> 46298 | AA52: 101 | AB52: 102 | AC52: 103 | AD52: 在宅実習室 | AE52: 成人実習室 | AF52: 講堂 | AG52: 201 | AH52: 202 | AI52: 203 | AJ52: 204 | AK52: 205 | AL52: 基礎実習室 | AM52: 母性・小児実習室 | AN52: 演習21 | AO52: 演習22 | AP52: 演習23 | AQ52: 演習24 | AR52: 演習25 | AS52: 演習26 | AT52: 演習27 | AU52: 演習28 | AV52: 演習29 | AW52: 301 | AX52: 302 | AY52: 303 | AZ52: 304 | BA52: 臨床１ | BB52: 臨床２ | BC52: LL1 | BD52: LL2 | BE52: 実験室 | BF52: 情報処理室 | BG52: 演習31 | BH52: 演習32 | BI52: セミナー室１ | BJ52: セミナー室２ | BK52: セミナー室3 | BL52: セミナー室4 | BM52: セミナー室5 | BN52: 大講義室 | BO52: アリーナ | BP52: 研修１ | BQ52: 研修３ | BR52: 研修４ | BS52: 研修５ | BT52: 研修６ | BU52: 研修７ | BV52: 視聴覚室
A53: １時限（09：20～10：50） | B53: 科目名 | C53: =VLOOKUP($C52,'2026年度(1年後期)'!$B$5:$N$207,COLUMN('2026年度(1年後期)'!$C$5),0)&"" | E53: =VLOOKUP($C52,'2026年度(2年後期)'!$B$5:$N$207,COLUMN('2026年度(2年後期)'!$C$5),0)&"" | G53: =VLOOKUP($C52,'2026年度(3年後期)'!$B$5:$N$207,COLUMN('2026年度(3年後期)'!$C$5),0)&"" | I53: =VLOOKUP($C52,'2026年度(4年後期)'!$B$5:$N$206,COLUMN('2026年度(4年後期)'!$C$5),0)&"" | K53: =VLOOKUP($C52,'2026年度(助産後期)'!$B$5:$N$207,COLUMN('2026年度(助産後期)'!$C$5),0)&"" | M53: =VLOOKUP($C52,'2026年度(M1後期)'!$B$5:$N$207,COLUMN('2026年度(M1後期)'!$C$5),0)&"" | O53: =VLOOKUP($C52,'2026年度(M2後期)'!$B$5:$N$207,COLUMN('2026年度(M2後期)'!$C$5),0)&"" | Q53: =VLOOKUP($C52,'2026年度(D1後期)'!$B$5:$N$207,COLUMN('2026年度(D1後期)'!$C$5),0)&"" | S53: =VLOOKUP($C52,'2026年度(D23後期)'!$B$5:$N$207,COLUMN('2026年度(D23後期)'!$C$5),0)&"" | Z53: =A53 -> １時限（09：20～10：50）
B54: 教 官 | C54: =IFERROR(VLOOKUP(C53,科目・教員!$A$2:$B$342,2,0),"") | E54: =IFERROR(VLOOKUP(E53,科目・教員!$A$2:$B$342,2,0),"") | G54: =IFERROR(VLOOKUP(G53,科目・教員!$A$2:$B$342,2,0),"") | I54: =IFERROR(VLOOKUP(I53,科目・教員!$A$2:$B$342,2,0),"") | K54: =IFERROR(VLOOKUP(K53,科目・教員!$A$2:$B$342,2,0),"") | M54: =IFERROR(VLOOKUP(M53,科目・教員!$A$2:$B$342,2,0),"") | O54: =IFERROR(VLOOKUP(O53,科目・教員!$A$2:$B$342,2,0),"") | Q54: =IFERROR(VLOOKUP(Q53,科目・教員!$A$2:$B$342,2,0),"") | S54: =IFERROR(VLOOKUP(S53,科目・教員!$A$2:$B$342,2,0),"")
B55: 使用教室 | C55: =VLOOKUP($C52,'2026年度(1年後期)'!$B$5:$N$207,COLUMN('2026年度(1年後期)'!$C$5)+1,0)&"" | E55: =VLOOKUP($C52,'2026年度(2年後期)'!$B$5:$N$207,COLUMN('2026年度(2年後期)'!$C$5)+1,0)&"" | G55: =VLOOKUP($C52,'2026年度(3年後期)'!$B$5:$N$207,COLUMN('2026年度(3年後期)'!$C$5)+1,0)&"" | I55: =VLOOKUP($C52,'2026年度(4年後期)'!$B$5:$N$206,COLUMN('2026年度(4年後期)'!$C$5)+1,0)&"" | K55: =VLOOKUP($C52,'2026年度(助産後期)'!$B$5:$N$207,COLUMN('2026年度(助産後期)'!$C$5)+1,0)&"" | M55: =VLOOKUP($C52,'2026年度(M1後期)'!$B$5:$N$207,COLUMN('2026年度(M1後期)'!$C$5)+1,0)&"" | O55: =VLOOKUP($C52,'2026年度(M2後期)'!$B$5:$N$207,COLUMN('2026年度(M2後期)'!$C$5)+1,0)&"" | Q55: =VLOOKUP($C52,'2026年度(D1後期)'!$B$5:$N$207,COLUMN('2026年度(D1後期)'!$C$5)+1,0)&"" | S55: =VLOOKUP($C52,'2026年度(D23後期)'!$B$5:$N$207,COLUMN('2026年度(D23後期)'!$C$5)+1,0)&""
B56: 備 考
A57: ２時限（11：00～12：30） | B57: 科目名 | C57: =VLOOKUP($C52,'2026年度(1年後期)'!$B$5:$N$207,COLUMN('2026年度(1年後期)'!$E$5),0)&"" | E57: =VLOOKUP($C52,'2026年度(2年後期)'!$B$5:$N$207,COLUMN('2026年度(2年後期)'!$E$5),0)&"" | G57: =VLOOKUP($C52,'2026年度(3年後期)'!$B$5:$N$207,COLUMN('2026年度(3年後期)'!$E$5),0)&"" | I57: =VLOOKUP($C52,'2026年度(4年後期)'!$B$5:$N$206,COLUMN('2026年度(4年後期)'!$E$5),0)&"" | K57: =VLOOKUP($C52,'2026年度(助産後期)'!$B$5:$N$207,COLUMN('2026年度(助産後期)'!$E$5),0)&"" | M57: =VLOOKUP($C52,'2026年度(M1後期)'!$B$5:$N$207,COLUMN('2026年度(M1後期)'!$E$5),0)&"" | O57: =VLOOKUP($C52,'2026年度(M2後期)'!$B$5:$N$207,COLUMN('2026年度(M2後期)'!$E$5),0)&"" | Q57: =VLOOKUP($C52,'2026年度(D1後期)'!$B$5:$N$207,COLUMN('2026年度(D1後期)'!$E$5),0)&"" | S57: =VLOOKUP($C52,'2026年度(D23後期)'!$B$5:$N$207,COLUMN('2026年度(D23後期)'!$E$5),0)&"" | Z57: =A57 -> ２時限（11：00～12：30）
B58: 教 官 | C58: =IFERROR(VLOOKUP(C57,科目・教員!$A$2:$B$342,2,0),"") | E58: =IFERROR(VLOOKUP(E57,科目・教員!$A$2:$B$342,2,0),"") | G58: =IFERROR(VLOOKUP(G57,科目・教員!$A$2:$B$342,2,0),"") | I58: =IFERROR(VLOOKUP(I57,科目・教員!$A$2:$B$342,2,0),"") | K58: =IFERROR(VLOOKUP(K57,科目・教員!$A$2:$B$342,2,0),"") | M58: =IFERROR(VLOOKUP(M57,科目・教員!$A$2:$B$342,2,0),"") | O58: =IFERROR(VLOOKUP(O57,科目・教員!$A$2:$B$342,2,0),"") | Q58: =IFERROR(VLOOKUP(Q57,科目・教員!$A$2:$B$342,2,0),"") | S58: =IFERROR(VLOOKUP(S57,科目・教員!$A$2:$B$342,2,0),"")
B59: 使用教室 | C59: =VLOOKUP($C52,'2026年度(1年後期)'!$B$5:$N$207,COLUMN('2026年度(1年後期)'!$E$5)+1,0)&"" | E59: =VLOOKUP($C52,'2026年度(2年後期)'!$B$5:$N$207,COLUMN('2026年度(2年後期)'!$E$5)+1,0)&"" | G59: =VLOOKUP($C52,'2026年度(3年後期)'!$B$5:$N$207,COLUMN('2026年度(3年後期)'!$E$5)+1,0)&"" | I59: =VLOOKUP($C52,'2026年度(4年後期)'!$B$5:$N$206,COLUMN('2026年度(4年後期)'!$E$5)+1,0)&"" | K59: =VLOOKUP($C52,'2026年度(助産後期)'!$B$5:$N$207,COLUMN('2026年度(助産後期)'!$E$5)+1,0)&"" | M59: =VLOOKUP($C52,'2026年度(M1後期)'!$B$5:$N$207,COLUMN('2026年度(M1後期)'!$E$5)+1,0)&"" | O59: =VLOOKUP($C52,'2026年度(M2後期)'!$B$5:$N$207,COLUMN('2026年度(M2後期)'!$E$5)+1,0)&"" | Q59: =VLOOKUP($C52,'2026年度(D1後期)'!$B$5:$N$207,COLUMN('2026年度(D1後期)'!$E$5)+1,0)&"" | S59: =VLOOKUP($C52,'2026年度(D23後期)'!$B$5:$N$207,COLUMN('2026年度(D23後期)'!$E$5)+1,0)&""
B60: 備 考
A61: 昼休み（12：30～13：30） | B61: 活動名 | Z61: =A61 -> 昼休み（12：30～13：30）
B62: 責任者
B63: 使用教室
B64: 備 考
A65: ３時限（13：30～15：00） | B65: 科目名 | C65: =VLOOKUP($C52,'2026年度(1年後期)'!$B$5:$N$207,COLUMN('2026年度(1年後期)'!$G$5),0)&"" | E65: =VLOOKUP($C52,'2026年度(2年後期)'!$B$5:$N$207,COLUMN('2026年度(2年後期)'!$G$5),0)&"" | G65: =VLOOKUP($C52,'2026年度(3年後期)'!$B$5:$N$207,COLUMN('2026年度(3年後期)'!$G$5),0)&"" | I65: =VLOOKUP($C52,'2026年度(4年後期)'!$B$5:$N$206,COLUMN('2026年度(4年後期)'!$G$5),0)&"" | K65: =VLOOKUP($C52,'2026年度(助産後期)'!$B$5:$N$207,COLUMN('2026年度(助産後期)'!$G$5),0)&"" | M65: =VLOOKUP($C52,'2026年度(M1後期)'!$B$5:$N$207,COLUMN('2026年度(M1後期)'!$G$5),0)&"" | O65: =VLOOKUP($C52,'2026年度(M2後期)'!$B$5:$N$207,COLUMN('2026年度(M2後期)'!$G$5),0)&"" | Q65: =VLOOKUP($C52,'2026年度(D1後期)'!$B$5:$N$207,COLUMN('2026年度(D1後期)'!$G$5),0)&"" | S65: =VLOOKUP($C52,'2026年度(D23後期)'!$B$5:$N$207,COLUMN('2026年度(D23後期)'!$G$5),0)&"" | Z65: =A65 -> ３時限（13：30～15：00）
B66: 教 官 | C66: =IFERROR(VLOOKUP(C65,科目・教員!$A$2:$B$342,2,0),"") | E66: =IFERROR(VLOOKUP(E65,科目・教員!$A$2:$B$342,2,0),"") | G66: =IFERROR(VLOOKUP(G65,科目・教員!$A$2:$B$342,2,0),"") | I66: =IFERROR(VLOOKUP(I65,科目・教員!$A$2:$B$342,2,0),"") | K66: =IFERROR(VLOOKUP(K65,科目・教員!$A$2:$B$342,2,0),"") | M66: =IFERROR(VLOOKUP(M65,科目・教員!$A$2:$B$342,2,0),"") | O66: =IFERROR(VLOOKUP(O65,科目・教員!$A$2:$B$342,2,0),"") | Q66: =IFERROR(VLOOKUP(Q65,科目・教員!$A$2:$B$342,2,0),"") | S66: =IFERROR(VLOOKUP(S65,科目・教員!$A$2:$B$342,2,0),"")
B67: 使用教室 | C67: =VLOOKUP($C52,'2026年度(1年後期)'!$B$5:$N$207,COLUMN('2026年度(1年後期)'!$G$5)+1,0)&"" | E67: =VLOOKUP($C52,'2026年度(2年後期)'!$B$5:$N$207,COLUMN('2026年度(2年後期)'!$G$5)+1,0)&"" | G67: =VLOOKUP($C52,'2026年度(3年後期)'!$B$5:$N$207,COLUMN('2026年度(3年後期)'!$G$5)+1,0)&"" | I67: =VLOOKUP($C52,'2026年度(4年後期)'!$B$5:$N$206,COLUMN('2026年度(4年後期)'!$G$5)+1,0)&"" | K67: =VLOOKUP($C52,'2026年度(助産後期)'!$B$5:$N$207,COLUMN('2026年度(助産後期)'!$G$5)+1,0)&"" | M67: =VLOOKUP($C52,'2026年度(M1後期)'!$B$5:$N$207,COLUMN('2026年度(M1後期)'!$G$5)+1,0)&"" | O67: =VLOOKUP($C52,'2026年度(M2後期)'!$B$5:$N$207,COLUMN('2026年度(M2後期)'!$G$5)+1,0)&"" | Q67: =VLOOKUP($C52,'2026年度(D1後期)'!$B$5:$N$207,COLUMN('2026年度(D1後期)'!$G$5)+1,0)&"" | S67: =VLOOKUP($C52,'2026年度(D23後期)'!$B$5:$N$207,COLUMN('2026年度(D23後期)'!$G$5)+1,0)&""
B68: 備 考
A69: ４時限（15：10～16：40） | B69: 科目名 | C69: =VLOOKUP($C52,'2026年度(1年後期)'!$B$5:$N$207,COLUMN('2026年度(1年後期)'!$I$5),0)&"" | E69: =VLOOKUP($C52,'2026年度(2年後期)'!$B$5:$N$207,COLUMN('2026年度(2年後期)'!$I$5),0)&"" | G69: =VLOOKUP($C52,'2026年度(3年後期)'!$B$5:$N$207,COLUMN('2026年度(3年後期)'!$I$5),0)&"" | I69: =VLOOKUP($C52,'2026年度(4年後期)'!$B$5:$N$206,COLUMN('2026年度(4年後期)'!$I$5),0)&"" | K69: =VLOOKUP($C52,'2026年度(助産後期)'!$B$5:$N$207,COLUMN('2026年度(助産後期)'!$I$5),0)&"" | M69: =VLOOKUP($C52,'2026年度(M1後期)'!$B$5:$N$207,COLUMN('2026年度(M1後期)'!$I$5),0)&"" | O69: =VLOOKUP($C52,'2026年度(M2後期)'!$B$5:$N$207,COLUMN('2026年度(M2後期)'!$I$5),0)&"" | Q69: =VLOOKUP($C52,'2026年度(D1後期)'!$B$5:$N$207,COLUMN('2026年度(D1後期)'!$I$5),0)&"" | S69: =VLOOKUP($C52,'2026年度(D23後期)'!$B$5:$N$207,COLUMN('2026年度(D23後期)'!$I$5),0)&"" | Z69: =A69 -> ４時限（15：10～16：40）
B70: 教 官 | C70: =IFERROR(VLOOKUP(C69,科目・教員!$A$2:$B$342,2,0),"") | E70: =IFERROR(VLOOKUP(E69,科目・教員!$A$2:$B$342,2,0),"") | G70: =IFERROR(VLOOKUP(G69,科目・教員!$A$2:$B$342,2,0),"") | I70: =IFERROR(VLOOKUP(I69,科目・教員!$A$2:$B$342,2,0),"") | K70: =IFERROR(VLOOKUP(K69,科目・教員!$A$2:$B$342,2,0),"") | M70: =IFERROR(VLOOKUP(M69,科目・教員!$A$2:$B$342,2,0),"") | O70: =IFERROR(VLOOKUP(O69,科目・教員!$A$2:$B$342,2,0),"") | Q70: =IFERROR(VLOOKUP(Q69,科目・教員!$A$2:$B$342,2,0),"") | S70: =IFERROR(VLOOKUP(S69,科目・教員!$A$2:$B$342,2,0),"")
B71: 使用教室 | C71: =VLOOKUP($C52,'2026年度(1年後期)'!$B$5:$N$207,COLUMN('2026年度(1年後期)'!$I$5)+1,0)&"" | E71: =VLOOKUP($C52,'2026年度(2年後期)'!$B$5:$N$207,COLUMN('2026年度(2年後期)'!$I$5)+1,0)&"" | G71: =VLOOKUP($C52,'2026年度(3年後期)'!$B$5:$N$207,COLUMN('2026年度(3年後期)'!$I$5)+1,0)&"" | I71: =VLOOKUP($C52,'2026年度(4年後期)'!$B$5:$N$206,COLUMN('2026年度(4年後期)'!$I$5)+1,0)&"" | K71: =VLOOKUP($C52,'2026年度(助産後期)'!$B$5:$N$207,COLUMN('2026年度(助産後期)'!$I$5)+1,0)&"" | M71: =VLOOKUP($C52,'2026年度(M1後期)'!$B$5:$N$207,COLUMN('2026年度(M1後期)'!$I$5)+1,0)&"" | O71: =VLOOKUP($C52,'2026年度(M2後期)'!$B$5:$N$207,COLUMN('2026年度(M2後期)'!$I$5)+1,0)&"" | Q71: =VLOOKUP($C52,'2026年度(D1後期)'!$B$5:$N$207,COLUMN('2026年度(D1後期)'!$I$5)+1,0)&"" | S71: =VLOOKUP($C52,'2026年度(D23後期)'!$B$5:$N$207,COLUMN('2026年度(D23後期)'!$I$5)+1,0)&""
B72: 備 考
A73: ５時限（16：50～18：20） | B73: 科目名 | C73: =VLOOKUP($C52,'2026年度(1年後期)'!$B$5:$N$207,COLUMN('2026年度(1年後期)'!$K$5),0)&"" | E73: =VLOOKUP($C52,'2026年度(2年後期)'!$B$5:$N$207,COLUMN('2026年度(2年後期)'!$K$5),0)&"" | G73: =VLOOKUP($C52,'2026年度(3年後期)'!$B$5:$N$207,COLUMN('2026年度(3年後期)'!$K$5),0)&"" | I73: =VLOOKUP($C52,'2026年度(4年後期)'!$B$5:$N$206,COLUMN('2026年度(4年後期)'!$K$5),0)&"" | K73: =VLOOKUP($C52,'2026年度(助産後期)'!$B$5:$N$207,COLUMN('2026年度(助産後期)'!$K$5),0)&"" | M73: =VLOOKUP($C52,'2026年度(M1後期)'!$B$5:$N$207,COLUMN('2026年度(M1後期)'!$K$5),0)&"" | O73: =VLOOKUP($C52,'2026年度(M2後期)'!$B$5:$N$207,COLUMN('2026年度(M2後期)'!$K$5),0)&"" | Q73: =VLOOKUP($C52,'2026年度(D1後期)'!$B$5:$N$207,COLUMN('2026年度(D1後期)'!$K$5),0)&"" | S73: =VLOOKUP($C52,'2026年度(D23後期)'!$B$5:$N$207,COLUMN('2026年度(D23後期)'!$K$5),0)&"" | Z73: =A73 -> ５時限（16：50～18：20）
B74: 教 官 | C74: =IFERROR(VLOOKUP(C73,科目・教員!$A$2:$B$342,2,0),"") | E74: =IFERROR(VLOOKUP(E73,科目・教員!$A$2:$B$342,2,0),"") | G74: =IFERROR(VLOOKUP(G73,科目・教員!$A$2:$B$342,2,0),"") | I74: =IFERROR(VLOOKUP(I73,科目・教員!$A$2:$B$342,2,0),"") | K74: =IFERROR(VLOOKUP(K73,科目・教員!$A$2:$B$342,2,0),"") | M74: =IFERROR(VLOOKUP(M73,科目・教員!$A$2:$B$342,2,0),"") | O74: =IFERROR(VLOOKUP(O73,科目・教員!$A$2:$B$342,2,0),"") | Q74: =IFERROR(VLOOKUP(Q73,科目・教員!$A$2:$B$342,2,0),"") | S74: =IFERROR(VLOOKUP(S73,科目・教員!$A$2:$B$342,2,0),"")
B75: 使用教室 | C75: =VLOOKUP($C52,'2026年度(1年後期)'!$B$5:$N$207,COLUMN('2026年度(1年後期)'!$K$5)+1,0)&"" | E75: =VLOOKUP($C52,'2026年度(2年後期)'!$B$5:$N$207,COLUMN('2026年度(2年後期)'!$K$5)+1,0)&"" | G75: =VLOOKUP($C52,'2026年度(3年後期)'!$B$5:$N$207,COLUMN('2026年度(3年後期)'!$K$5)+1,0)&"" | I75: =VLOOKUP($C52,'2026年度(4年後期)'!$B$5:$N$206,COLUMN('2026年度(4年後期)'!$K$5)+1,0)&"" | K75: =VLOOKUP($C52,'2026年度(助産後期)'!$B$5:$N$207,COLUMN('2026年度(助産後期)'!$K$5)+1,0)&"" | M75: =VLOOKUP($C52,'2026年度(M1後期)'!$B$5:$N$207,COLUMN('2026年度(M1後期)'!$K$5)+1,0)&"" | O75: =VLOOKUP($C52,'2026年度(M2後期)'!$B$5:$N$207,COLUMN('2026年度(M2後期)'!$K$5)+1,0)&"" | Q75: =VLOOKUP($C52,'2026年度(D1後期)'!$B$5:$N$207,COLUMN('2026年度(D1後期)'!$K$5)+1,0)&"" | S75: =VLOOKUP($C52,'2026年度(D23後期)'!$B$5:$N$207,COLUMN('2026年度(D23後期)'!$K$5)+1,0)&""
B76: 備 考
C77: =C52+1 -> 46299 | U77: =C77 -> 46299 | AA77: 101 | AB77: 102 | AC77: 103 | AD77: 在宅実習室 | AE77: 成人実習室 | AF77: 講堂 | AG77: 201 | AH77: 202 | AI77: 203 | AJ77: 204 | AK77: 205 | AL77: 基礎実習室 | AM77: 母性・小児実習室 | AN77: 演習21 | AO77: 演習22 | AP77: 演習23 | AQ77: 演習24 | AR77: 演習25 | AS77: 演習26 | AT77: 演習27 | AU77: 演習28 | AV77: 演習29 | AW77: 301 | AX77: 302 | AY77: 303 | AZ77: 304 | BA77: 臨床１ | BB77: 臨床２ | BC77: LL1 | BD77: LL2 | BE77: 実験室 | BF77: 情報処理室 | BG77: 演習31 | BH77: 演習32 | BI77: セミナー室１ | BJ77: セミナー室２ | BK77: セミナー室3 | BL77: セミナー室4 | BM77: セミナー室5 | BN77: 大講義室 | BO77: アリーナ | BP77: 研修１ | BQ77: 研修３ | BR77: 研修４ | BS77: 研修５ | BT77: 研修６ | BU77: 研修７ | BV77: 視聴覚室
A78: １時限（09：20～10：50） | B78: 科目名 | C78: =VLOOKUP($C77,'2026年度(1年後期)'!$B$5:$N$207,COLUMN('2026年度(1年後期)'!$C$5),0)&"" | E78: =VLOOKUP($C77,'2026年度(2年後期)'!$B$5:$N$207,COLUMN('2026年度(2年後期)'!$C$5),0)&"" | G78: =VLOOKUP($C77,'2026年度(3年後期)'!$B$5:$N$207,COLUMN('2026年度(3年後期)'!$C$5),0)&"" | I78: =VLOOKUP($C77,'2026年度(4年後期)'!$B$5:$N$206,COLUMN('2026年度(4年後期)'!$C$5),0)&"" | K78: =VLOOKUP($C77,'2026年度(助産後期)'!$B$5:$N$207,COLUMN('2026年度(助産後期)'!$C$5),0)&"" | M78: =VLOOKUP($C77,'2026年度(M1後期)'!$B$5:$N$207,COLUMN('2026年度(M1後期)'!$C$5),0)&"" | O78: =VLOOKUP($C77,'2026年度(M2後期)'!$B$5:$N$207,COLUMN('2026年度(M2後期)'!$C$5),0)&"" | Q78: =VLOOKUP($C77,'2026年度(D1後期)'!$B$5:$N$207,COLUMN('2026年度(D1後期)'!$C$5),0)&"" | S78: =VLOOKUP($C77,'2026年度(D23後期)'!$B$5:$N$207,COLUMN('2026年度(D23後期)'!$C$5),0)&"" | Z78: =A78 -> １時限（09：20～10：50）
B79: 教 官 | C79: =IFERROR(VLOOKUP(C78,科目・教員!$A$2:$B$342,2,0),"") | E79: =IFERROR(VLOOKUP(E78,科目・教員!$A$2:$B$342,2,0),"") | G79: =IFERROR(VLOOKUP(G78,科目・教員!$A$2:$B$342,2,0),"") | I79: =IFERROR(VLOOKUP(I78,科目・教員!$A$2:$B$342,2,0),"") | K79: =IFERROR(VLOOKUP(K78,科目・教員!$A$2:$B$342,2,0),"") | M79: =IFERROR(VLOOKUP(M78,科目・教員!$A$2:$B$342,2,0),"") | O79: =IFERROR(VLOOKUP(O78,科目・教員!$A$2:$B$342,2,0),"") | Q79: =IFERROR(VLOOKUP(Q78,科目・教員!$A$2:$B$342,2,0),"") | S79: =IFERROR(VLOOKUP(S78,科目・教員!$A$2:$B$342,2,0),"")
B80: 使用教室 | C80: =VLOOKUP($C77,'2026年度(1年後期)'!$B$5:$N$207,COLUMN('2026年度(1年後期)'!$C$5)+1,0)&"" | E80: =VLOOKUP($C77,'2026年度(2年後期)'!$B$5:$N$207,COLUMN('2026年度(2年後期)'!$C$5)+1,0)&"" | G80: =VLOOKUP($C77,'2026年度(3年後期)'!$B$5:$N$207,COLUMN('2026年度(3年後期)'!$C$5)+1,0)&"" | I80: =VLOOKUP($C77,'2026年度(4年後期)'!$B$5:$N$206,COLUMN('2026年度(4年後期)'!$C$5)+1,0)&"" | K80: =VLOOKUP($C77,'2026年度(助産後期)'!$B$5:$N$207,COLUMN('2026年度(助産後期)'!$C$5)+1,0)&"" | M80: =VLOOKUP($C77,'2026年度(M1後期)'!$B$5:$N$207,COLUMN('2026年度(M1後期)'!$C$5)+1,0)&"" | O80: =VLOOKUP($C77,'2026年度(M2後期)'!$B$5:$N$207,COLUMN('2026年度(M2後期)'!$C$5)+1,0)&"" | Q80: =VLOOKUP($C77,'2026年度(D1後期)'!$B$5:$N$207,COLUMN('2026年度(D1後期)'!$C$5)+1,0)&"" | S80: =VLOOKUP($C77,'2026年度(D23後期)'!$B$5:$N$207,COLUMN('2026年度(D23後期)'!$C$5)+1,0)&""
B81: 備 考
A82: ２時限（11：00～12：30） | B82: 科目名 | C82: =VLOOKUP($C77,'2026年度(1年後期)'!$B$5:$N$207,COLUMN('2026年度(1年後期)'!$E$5),0)&"" | E82: =VLOOKUP($C77,'2026年度(2年後期)'!$B$5:$N$207,COLUMN('2026年度(2年後期)'!$E$5),0)&"" | G82: =VLOOKUP($C77,'2026年度(3年後期)'!$B$5:$N$207,COLUMN('2026年度(3年後期)'!$E$5),0)&"" | I82: =VLOOKUP($C77,'2026年度(4年後期)'!$B$5:$N$206,COLUMN('2026年度(4年後期)'!$E$5),0)&"" | K82: =VLOOKUP($C77,'2026年度(助産後期)'!$B$5:$N$207,COLUMN('2026年度(助産後期)'!$E$5),0)&"" | M82: =VLOOKUP($C77,'2026年度(M1後期)'!$B$5:$N$207,COLUMN('2026年度(M1後期)'!$E$5),0)&"" | O82: =VLOOKUP($C77,'2026年度(M2後期)'!$B$5:$N$207,COLUMN('2026年度(M2後期)'!$E$5),0)&"" | Q82: =VLOOKUP($C77,'2026年度(D1後期)'!$B$5:$N$207,COLUMN('2026年度(D1後期)'!$E$5),0)&"" | S82: =VLOOKUP($C77,'2026年度(D23後期)'!$B$5:$N$207,COLUMN('2026年度(D23後期)'!$E$5),0)&"" | Z82: =A82 -> ２時限（11：00～12：30）
B83: 教 官 | C83: =IFERROR(VLOOKUP(C82,科目・教員!$A$2:$B$342,2,0),"") | E83: =IFERROR(VLOOKUP(E82,科目・教員!$A$2:$B$342,2,0),"") | G83: =IFERROR(VLOOKUP(G82,科目・教員!$A$2:$B$342,2,0),"") | I83: =IFERROR(VLOOKUP(I82,科目・教員!$A$2:$B$342,2,0),"") | K83: =IFERROR(VLOOKUP(K82,科目・教員!$A$2:$B$342,2,0),"") | M83: =IFERROR(VLOOKUP(M82,科目・教員!$A$2:$B$342,2,0),"") | O83: =IFERROR(VLOOKUP(O82,科目・教員!$A$2:$B$342,2,0),"") | Q83: =IFERROR(VLOOKUP(Q82,科目・教員!$A$2:$B$342,2,0),"") | S83: =IFERROR(VLOOKUP(S82,科目・教員!$A$2:$B$342,2,0),"")
B84: 使用教室 | C84: =VLOOKUP($C77,'2026年度(1年後期)'!$B$5:$N$207,COLUMN('2026年度(1年後期)'!$E$5)+1,0)&"" | E84: =VLOOKUP($C77,'2026年度(2年後期)'!$B$5:$N$207,COLUMN('2026年度(2年後期)'!$E$5)+1,0)&"" | G84: =VLOOKUP($C77,'2026年度(3年後期)'!$B$5:$N$207,COLUMN('2026年度(3年後期)'!$E$5)+1,0)&"" | I84: =VLOOKUP($C77,'2026年度(4年後期)'!$B$5:$N$206,COLUMN('2026年度(4年後期)'!$E$5)+1,0)&"" | K84: =VLOOKUP($C77,'2026年度(助産後期)'!$B$5:$N$207,COLUMN('2026年度(助産後期)'!$E$5)+1,0)&"" | M84: =VLOOKUP($C77,'2026年度(M1後期)'!$B$5:$N$207,COLUMN('2026年度(M1後期)'!$E$5)+1,0)&"" | O84: =VLOOKUP($C77,'2026年度(M2後期)'!$B$5:$N$207,COLUMN('2026年度(M2後期)'!$E$5)+1,0)&"" | Q84: =VLOOKUP($C77,'2026年度(D1後期)'!$B$5:$N$207,COLUMN('2026年度(D1後期)'!$E$5)+1,0)&"" | S84: =VLOOKUP($C77,'2026年度(D23後期)'!$B$5:$N$207,COLUMN('2026年度(D23後期)'!$E$5)+1,0)&""
B85: 備 考
A86: 昼休み（12：30～13：30） | B86: 活動名 | Z86: =A86 -> 昼休み（12：30～13：30）
B87: 責任者
B88: 使用教室
B89: 備 考
A90: ３時限（13：30～15：00） | B90: 科目名 | C90: =VLOOKUP($C77,'2026年度(1年後期)'!$B$5:$N$207,COLUMN('2026年度(1年後期)'!$G$5),0)&"" | E90: =VLOOKUP($C77,'2026年度(2年後期)'!$B$5:$N$207,COLUMN('2026年度(2年後期)'!$G$5),0)&"" | G90: =VLOOKUP($C77,'2026年度(3年後期)'!$B$5:$N$207,COLUMN('2026年度(3年後期)'!$G$5),0)&"" | I90: =VLOOKUP($C77,'2026年度(4年後期)'!$B$5:$N$206,COLUMN('2026年度(4年後期)'!$G$5),0)&"" | K90: =VLOOKUP($C77,'2026年度(助産後期)'!$B$5:$N$207,COLUMN('2026年度(助産後期)'!$G$5),0)&"" | M90: =VLOOKUP($C77,'2026年度(M1後期)'!$B$5:$N$207,COLUMN('2026年度(M1後期)'!$G$5),0)&"" | O90: =VLOOKUP($C77,'2026年度(M2後期)'!$B$5:$N$207,COLUMN('2026年度(M2後期)'!$G$5),0)&"" | Q90: =VLOOKUP($C77,'2026年度(D1後期)'!$B$5:$N$207,COLUMN('2026年度(D1後期)'!$G$5),0)&"" | S90: =VLOOKUP($C77,'2026年度(D23後期)'!$B$5:$N$207,COLUMN('2026年度(D23後期)'!$G$5),0)&"" | Z90: =A90 -> ３時限（13：30～15：00）
B91: 教 官 | C91: =IFERROR(VLOOKUP(C90,科目・教員!$A$2:$B$342,2,0),"") | E91: =IFERROR(VLOOKUP(E90,科目・教員!$A$2:$B$342,2,0),"") | G91: =IFERROR(VLOOKUP(G90,科目・教員!$A$2:$B$342,2,0),"") | I91: =IFERROR(VLOOKUP(I90,科目・教員!$A$2:$B$342,2,0),"") | K91: =IFERROR(VLOOKUP(K90,科目・教員!$A$2:$B$342,2,0),"") | M91: =IFERROR(VLOOKUP(M90,科目・教員!$A$2:$B$342,2,0),"") | O91: =IFERROR(VLOOKUP(O90,科目・教員!$A$2:$B$342,2,0),"") | Q91: =IFERROR(VLOOKUP(Q90,科目・教員!$A$2:$B$342,2,0),"") | S91: =IFERROR(VLOOKUP(S90,科目・教員!$A$2:$B$342,2,0),"")
B92: 使用教室 | C92: =VLOOKUP($C77,'2026年度(1年後期)'!$B$5:$N$207,COLUMN('2026年度(1年後期)'!$G$5)+1,0)&"" | E92: =VLOOKUP($C77,'2026年度(2年後期)'!$B$5:$N$207,COLUMN('2026年度(2年後期)'!$G$5)+1,0)&"" | G92: =VLOOKUP($C77,'2026年度(3年後期)'!$B$5:$N$207,COLUMN('2026年度(3年後期)'!$G$5)+1,0)&"" | I92: =VLOOKUP($C77,'2026年度(4年後期)'!$B$5:$N$206,COLUMN('2026年度(4年後期)'!$G$5)+1,0)&"" | K92: =VLOOKUP($C77,'2026年度(助産後期)'!$B$5:$N$207,COLUMN('2026年度(助産後期)'!$G$5)+1,0)&"" | M92: =VLOOKUP($C77,'2026年度(M1後期)'!$B$5:$N$207,COLUMN('2026年度(M1後期)'!$G$5)+1,0)&"" | O92: =VLOOKUP($C77,'2026年度(M2後期)'!$B$5:$N$207,COLUMN('2026年度(M2後期)'!$G$5)+1,0)&"" | Q92: =VLOOKUP($C77,'2026年度(D1後期)'!$B$5:$N$207,COLUMN('2026年度(D1後期)'!$G$5)+1,0)&"" | S92: =VLOOKUP($C77,'2026年度(D23後期)'!$B$5:$N$207,COLUMN('2026年度(D23後期)'!$G$5)+1,0)&""
B93: 備 考
A94: ４時限（15：10～16：40） | B94: 科目名 | C94: =VLOOKUP($C77,'2026年度(1年後期)'!$B$5:$N$207,COLUMN('2026年度(1年後期)'!$I$5),0)&"" | E94: =VLOOKUP($C77,'2026年度(2年後期)'!$B$5:$N$207,COLUMN('2026年度(2年後期)'!$I$5),0)&"" | G94: =VLOOKUP($C77,'2026年度(3年後期)'!$B$5:$N$207,COLUMN('2026年度(3年後期)'!$I$5),0)&"" | I94: =VLOOKUP($C77,'2026年度(4年後期)'!$B$5:$N$206,COLUMN('2026年度(4年後期)'!$I$5),0)&"" | K94: =VLOOKUP($C77,'2026年度(助産後期)'!$B$5:$N$207,COLUMN('2026年度(助産後期)'!$I$5),0)&"" | M94: =VLOOKUP($C77,'2026年度(M1後期)'!$B$5:$N$207,COLUMN('2026年度(M1後期)'!$I$5),0)&"" | O94: =VLOOKUP($C77,'2026年度(M2後期)'!$B$5:$N$207,COLUMN('2026年度(M2後期)'!$I$5),0)&"" | Q94: =VLOOKUP($C77,'2026年度(D1後期)'!$B$5:$N$207,COLUMN('2026年度(D1後期)'!$I$5),0)&"" | S94: =VLOOKUP($C77,'2026年度(D23後期)'!$B$5:$N$207,COLUMN('2026年度(D23後期)'!$I$5),0)&"" | Z94: =A94 -> ４時限（15：10～16：40）
B95: 教 官 | C95: =IFERROR(VLOOKUP(C94,科目・教員!$A$2:$B$342,2,0),"") | E95: =IFERROR(VLOOKUP(E94,科目・教員!$A$2:$B$342,2,0),"") | G95: =IFERROR(VLOOKUP(G94,科目・教員!$A$2:$B$342,2,0),"") | I95: =IFERROR(VLOOKUP(I94,科目・教員!$A$2:$B$342,2,0),"") | K95: =IFERROR(VLOOKUP(K94,科目・教員!$A$2:$B$342,2,0),"") | M95: =IFERROR(VLOOKUP(M94,科目・教員!$A$2:$B$342,2,0),"") | O95: =IFERROR(VLOOKUP(O94,科目・教員!$A$2:$B$342,2,0),"") | Q95: =IFERROR(VLOOKUP(Q94,科目・教員!$A$2:$B$342,2,0),"") | S95: =IFERROR(VLOOKUP(S94,科目・教員!$A$2:$B$342,2,0),"")
B96: 使用教室 | C96: =VLOOKUP($C77,'2026年度(1年後期)'!$B$5:$N$207,COLUMN('2026年度(1年後期)'!$I$5)+1,0)&"" | E96: =VLOOKUP($C77,'2026年度(2年後期)'!$B$5:$N$207,COLUMN('2026年度(2年後期)'!$I$5)+1,0)&"" | G96: =VLOOKUP($C77,'2026年度(3年後期)'!$B$5:$N$207,COLUMN('2026年度(3年後期)'!$I$5)+1,0)&"" | I96: =VLOOKUP($C77,'2026年度(4年後期)'!$B$5:$N$206,COLUMN('2026年度(4年後期)'!$I$5)+1,0)&"" | K96: =VLOOKUP($C77,'2026年度(助産後期)'!$B$5:$N$207,COLUMN('2026年度(助産後期)'!$I$5)+1,0)&"" | M96: =VLOOKUP($C77,'2026年度(M1後期)'!$B$5:$N$207,COLUMN('2026年度(M1後期)'!$I$5)+1,0)&"" | O96: =VLOOKUP($C77,'2026年度(M2後期)'!$B$5:$N$207,COLUMN('2026年度(M2後期)'!$I$5)+1,0)&"" | Q96: =VLOOKUP($C77,'2026年度(D1後期)'!$B$5:$N$207,COLUMN('2026年度(D1後期)'!$I$5)+1,0)&"" | S96: =VLOOKUP($C77,'2026年度(D23後期)'!$B$5:$N$207,COLUMN('2026年度(D23後期)'!$I$5)+1,0)&""
B97: 備 考
A98: ５時限（16：50～18：20） | B98: 科目名 | C98: =VLOOKUP($C77,'2026年度(1年後期)'!$B$5:$N$207,COLUMN('2026年度(1年後期)'!$K$5),0)&"" | E98: =VLOOKUP($C77,'2026年度(2年後期)'!$B$5:$N$207,COLUMN('2026年度(2年後期)'!$K$5),0)&"" | G98: =VLOOKUP($C77,'2026年度(3年後期)'!$B$5:$N$207,COLUMN('2026年度(3年後期)'!$K$5),0)&"" | I98: =VLOOKUP($C77,'2026年度(4年後期)'!$B$5:$N$206,COLUMN('2026年度(4年後期)'!$K$5),0)&"" | K98: =VLOOKUP($C77,'2026年度(助産後期)'!$B$5:$N$207,COLUMN('2026年度(助産後期)'!$K$5),0)&"" | M98: =VLOOKUP($C77,'2026年度(M1後期)'!$B$5:$N$207,COLUMN('2026年度(M1後期)'!$K$5),0)&"" | O98: =VLOOKUP($C77,'2026年度(M2後期)'!$B$5:$N$207,COLUMN('2026年度(M2後期)'!$K$5),0)&"" | Q98: =VLOOKUP($C77,'2026年度(D1後期)'!$B$5:$N$207,COLUMN('2026年度(D1後期)'!$K$5),0)&"" | S98: =VLOOKUP($C77,'2026年度(D23後期)'!$B$5:$N$207,COLUMN('2026年度(D23後期)'!$K$5),0)&"" | Z98: =A98 -> ５時限（16：50～18：20）
B99: 教 官 | C99: =IFERROR(VLOOKUP(C98,科目・教員!$A$2:$B$342,2,0),"") | E99: =IFERROR(VLOOKUP(E98,科目・教員!$A$2:$B$342,2,0),"") | G99: =IFERROR(VLOOKUP(G98,科目・教員!$A$2:$B$342,2,0),"") | I99: =IFERROR(VLOOKUP(I98,科目・教員!$A$2:$B$342,2,0),"") | K99: =IFERROR(VLOOKUP(K98,科目・教員!$A$2:$B$342,2,0),"") | M99: =IFERROR(VLOOKUP(M98,科目・教員!$A$2:$B$342,2,0),"") | O99: =IFERROR(VLOOKUP(O98,科目・教員!$A$2:$B$342,2,0),"") | Q99: =IFERROR(VLOOKUP(Q98,科目・教員!$A$2:$B$342,2,0),"") | S99: =IFERROR(VLOOKUP(S98,科目・教員!$A$2:$B$342,2,0),"")
B100: 使用教室 | C100: =VLOOKUP($C77,'2026年度(1年後期)'!$B$5:$N$207,COLUMN('2026年度(1年後期)'!$K$5)+1,0)&"" | E100: =VLOOKUP($C77,'2026年度(2年後期)'!$B$5:$N$207,COLUMN('2026年度(2年後期)'!$K$5)+1,0)&"" | G100: =VLOOKUP($C77,'2026年度(3年後期)'!$B$5:$N$207,COLUMN('2026年度(3年後期)'!$K$5)+1,0)&"" | I100: =VLOOKUP($C77,'2026年度(4年後期)'!$B$5:$N$206,COLUMN('2026年度(4年後期)'!$K$5)+1,0)&"" | K100: =VLOOKUP($C77,'2026年度(助産後期)'!$B$5:$N$207,COLUMN('2026年度(助産後期)'!$K$5)+1,0)&"" | M100: =VLOOKUP($C77,'2026年度(M1後期)'!$B$5:$N$207,COLUMN('2026年度(M1後期)'!$K$5)+1,0)&"" | O100: =VLOOKUP($C77,'2026年度(M2後期)'!$B$5:$N$207,COLUMN('2026年度(M2後期)'!$K$5)+1,0)&"" | Q100: =VLOOKUP($C77,'2026年度(D1後期)'!$B$5:$N$207,COLUMN('2026年度(D1後期)'!$K$5)+1,0)&"" | S100: =VLOOKUP($C77,'2026年度(D23後期)'!$B$5:$N$207,COLUMN('2026年度(D23後期)'!$K$5)+1,0)&""
...

Sheet 2026年11月
A1: 46327 | C1: １年 | E1: ２年 | G1: ３年 | I1: ４年 | K1: 助産 | M1: 研究課程部 Ｍ１ | O1: 研究課程部 Ｍ２ | Q1: 研究課程部 Ｄ１ | S1: 研究課程部 Ｄ２３ | U1: =A1 -> 46327 | V1: 授業外その他教室等管理スケジュール | AA1: １階 | AG1: ２階 | AW1: ３階 | BI1: ４階 | BN1: 体育棟 | BP1: 研修棟
C2: =A1 -> 46327 | U2: =C2 -> 46327 | AA2: 101 | AB2: 102 | AC2: 103 | AD2: 在宅実習室 | AE2: 成人実習室 | AF2: 講堂 | AG2: 201 | AH2: 202 | AI2: 203 | AJ2: 204 | AK2: 205 | AL2: 基礎実習室 | AM2: 母性・小児実習室 | AN2: 演習21 | AO2: 演習22 | AP2: 演習23 | AQ2: 演習24 | AR2: 演習25 | AS2: 演習26 | AT2: 演習27 | AU2: 演習28 | AV2: 演習29 | AW2: 301 | AX2: 302 | AY2: 303 | AZ2: 304 | BA2: 臨床１ | BB2: 臨床２ | BC2: LL1 | BD2: LL2 | BE2: 実験室 | BF2: 情報処理室 | BG2: 演習31 | BH2: 演習32 | BI2: セミナー室１ | BJ2: セミナー室２ | BK2: セミナー室3 | BL2: セミナー室4 | BM2: セミナー室5 | BN2: 大講義室 | BO2: アリーナ | BP2: 研修１ | BQ2: 研修３ | BR2: 研修４ | BS2: 研修５ | BT2: 研修６ | BU2: 研修７ | BV2: 視聴覚室
A3: １時限（09：20～10：50） | B3: 科目名 | C3: =VLOOKUP($C2,'2026年度(1年後期)'!$B$5:$N$207,COLUMN('2026年度(1年後期)'!$C$5),0)&"" | E3: =VLOOKUP($C2,'2026年度(2年後期)'!$B$5:$N$207,COLUMN('2026年度(2年後期)'!$C$5),0)&"" | G3: =VLOOKUP($C2,'2026年度(3年後期)'!$B$5:$N$207,COLUMN('2026年度(3年後期)'!$C$5),0)&"" | I3: =VLOOKUP($C2,'2026年度(4年後期)'!$B$5:$N$206,COLUMN('2026年度(4年後期)'!$C$5),0)&"" | K3: =VLOOKUP($C2,'2026年度(助産後期)'!$B$5:$N$207,COLUMN('2026年度(助産後期)'!$C$5),0)&"" | M3: =VLOOKUP($C2,'2026年度(M1後期)'!$B$5:$N$207,COLUMN('2026年度(M1後期)'!$C$5),0)&"" | O3: =VLOOKUP($C2,'2026年度(M2後期)'!$B$5:$N$207,COLUMN('2026年度(M2後期)'!$C$5),0)&"" | Q3: =VLOOKUP($C2,'2026年度(D1後期)'!$B$5:$N$207,COLUMN('2026年度(D1後期)'!$C$5),0)&"" | S3: =VLOOKUP($C2,'2026年度(D23後期)'!$B$5:$N$207,COLUMN('2026年度(D23後期)'!$C$5),0)&"" | Z3: =A3 -> １時限（09：20～10：50）
B4: 教 官 | C4: =IFERROR(VLOOKUP(C3,科目・教員!$A$2:$B$342,2,0),"") | E4: =IFERROR(VLOOKUP(E3,科目・教員!$A$2:$B$342,2,0),"") | G4: =IFERROR(VLOOKUP(G3,科目・教員!$A$2:$B$342,2,0),"") | I4: =IFERROR(VLOOKUP(I3,科目・教員!$A$2:$B$342,2,0),"") | K4: =IFERROR(VLOOKUP(K3,科目・教員!$A$2:$B$342,2,0),"") | M4: =IFERROR(VLOOKUP(M3,科目・教員!$A$2:$B$342,2,0),"") | O4: =IFERROR(VLOOKUP(O3,科目・教員!$A$2:$B$342,2,0),"") | Q4: =IFERROR(VLOOKUP(Q3,科目・教員!$A$2:$B$342,2,0),"") | S4: =IFERROR(VLOOKUP(S3,科目・教員!$A$2:$B$342,2,0),"")
B5: 使用教室 | C5: =VLOOKUP($C2,'2026年度(1年後期)'!$B$5:$N$207,COLUMN('2026年度(1年後期)'!$C$5)+1,0)&"" | E5: =VLOOKUP($C2,'2026年度(2年後期)'!$B$5:$N$207,COLUMN('2026年度(2年後期)'!$C$5)+1,0)&"" | G5: =VLOOKUP($C2,'2026年度(3年後期)'!$B$5:$N$207,COLUMN('2026年度(3年後期)'!$C$5)+1,0)&"" | I5: =VLOOKUP($C2,'2026年度(4年後期)'!$B$5:$N$206,COLUMN('2026年度(4年後期)'!$C$5)+1,0)&"" | K5: =VLOOKUP($C2,'2026年度(助産後期)'!$B$5:$N$207,COLUMN('2026年度(助産後期)'!$C$5)+1,0)&"" | M5: =VLOOKUP($C2,'2026年度(M1後期)'!$B$5:$N$207,COLUMN('2026年度(M1後期)'!$C$5)+1,0)&"" | O5: =VLOOKUP($C2,'2026年度(M2後期)'!$B$5:$N$207,COLUMN('2026年度(M2後期)'!$C$5)+1,0)&"" | Q5: =VLOOKUP($C2,'2026年度(D1後期)'!$B$5:$N$207,COLUMN('2026年度(D1後期)'!$C$5)+1,0)&"" | S5: =VLOOKUP($C2,'2026年度(D23後期)'!$B$5:$N$207,COLUMN('2026年度(D23後期)'!$C$5)+1,0)&""
B6: 備 考
A7: ２時限（11：00～12：30） | B7: 科目名 | C7: =VLOOKUP($C2,'2026年度(1年後期)'!$B$5:$N$207,COLUMN('2026年度(1年後期)'!$E$5),0)&"" | E7: =VLOOKUP($C2,'2026年度(2年後期)'!$B$5:$N$207,COLUMN('2026年度(2年後期)'!$E$5),0)&"" | G7: =VLOOKUP($C2,'2026年度(3年後期)'!$B$5:$N$207,COLUMN('2026年度(3年後期)'!$E$5),0)&"" | I7: =VLOOKUP($C2,'2026年度(4年後期)'!$B$5:$N$206,COLUMN('2026年度(4年後期)'!$E$5),0)&"" | K7: =VLOOKUP($C2,'2026年度(助産後期)'!$B$5:$N$207,COLUMN('2026年度(助産後期)'!$E$5),0)&"" | M7: =VLOOKUP($C2,'2026年度(M1後期)'!$B$5:$N$207,COLUMN('2026年度(M1後期)'!$E$5),0)&"" | O7: =VLOOKUP($C2,'2026年度(M2後期)'!$B$5:$N$207,COLUMN('2026年度(M2後期)'!$E$5),0)&"" | Q7: =VLOOKUP($C2,'2026年度(D1後期)'!$B$5:$N$207,COLUMN('2026年度(D1後期)'!$E$5),0)&"" | S7: =VLOOKUP($C2,'2026年度(D23後期)'!$B$5:$N$207,COLUMN('2026年度(D23後期)'!$E$5),0)&"" | Z7: =A7 -> ２時限（11：00～12：30）
B8: 教 官 | C8: =IFERROR(VLOOKUP(C7,科目・教員!$A$2:$B$342,2,0),"") | E8: =IFERROR(VLOOKUP(E7,科目・教員!$A$2:$B$342,2,0),"") | G8: =IFERROR(VLOOKUP(G7,科目・教員!$A$2:$B$342,2,0),"") | I8: =IFERROR(VLOOKUP(I7,科目・教員!$A$2:$B$342,2,0),"") | K8: =IFERROR(VLOOKUP(K7,科目・教員!$A$2:$B$342,2,0),"") | M8: =IFERROR(VLOOKUP(M7,科目・教員!$A$2:$B$342,2,0),"") | O8: =IFERROR(VLOOKUP(O7,科目・教員!$A$2:$B$342,2,0),"") | Q8: =IFERROR(VLOOKUP(Q7,科目・教員!$A$2:$B$342,2,0),"") | S8: =IFERROR(VLOOKUP(S7,科目・教員!$A$2:$B$342,2,0),"")
B9: 使用教室 | C9: =VLOOKUP($C2,'2026年度(1年後期)'!$B$5:$N$207,COLUMN('2026年度(1年後期)'!$E$5)+1,0)&"" | E9: =VLOOKUP($C2,'2026年度(2年後期)'!$B$5:$N$207,COLUMN('2026年度(2年後期)'!$E$5)+1,0)&"" | G9: =VLOOKUP($C2,'2026年度(3年後期)'!$B$5:$N$207,COLUMN('2026年度(3年後期)'!$E$5)+1,0)&"" | I9: =VLOOKUP($C2,'2026年度(4年後期)'!$B$5:$N$206,COLUMN('2026年度(4年後期)'!$E$5)+1,0)&"" | K9: =VLOOKUP($C2,'2026年度(助産後期)'!$B$5:$N$207,COLUMN('2026年度(助産後期)'!$E$5)+1,0)&"" | M9: =VLOOKUP($C2,'2026年度(M1後期)'!$B$5:$N$207,COLUMN('2026年度(M1後期)'!$E$5)+1,0)&"" | O9: =VLOOKUP($C2,'2026年度(M2後期)'!$B$5:$N$207,COLUMN('2026年度(M2後期)'!$E$5)+1,0)&"" | Q9: =VLOOKUP($C2,'2026年度(D1後期)'!$B$5:$N$207,COLUMN('2026年度(D1後期)'!$E$5)+1,0)&"" | S9: =VLOOKUP($C2,'2026年度(D23後期)'!$B$5:$N$207,COLUMN('2026年度(D23後期)'!$E$5)+1,0)&""
B10: 備 考
A11: 昼休み（12：30～13：30） | B11: 活動名 | Z11: =A11 -> 昼休み（12：30～13：30）
B12: 責任者
B13: 使用教室
B14: 備 考
A15: ３時限（13：30～15：00） | B15: 科目名 | C15: =VLOOKUP($C2,'2026年度(1年後期)'!$B$5:$N$207,COLUMN('2026年度(1年後期)'!$G$5),0)&"" | E15: =VLOOKUP($C2,'2026年度(2年後期)'!$B$5:$N$207,COLUMN('2026年度(2年後期)'!$G$5),0)&"" | G15: =VLOOKUP($C2,'2026年度(3年後期)'!$B$5:$N$207,COLUMN('2026年度(3年後期)'!$G$5),0)&"" | I15: =VLOOKUP($C2,'2026年度(4年後期)'!$B$5:$N$206,COLUMN('2026年度(4年後期)'!$G$5),0)&"" | K15: =VLOOKUP($C2,'2026年度(助産後期)'!$B$5:$N$207,COLUMN('2026年度(助産後期)'!$G$5),0)&"" | M15: =VLOOKUP($C2,'2026年度(M1後期)'!$B$5:$N$207,COLUMN('2026年度(M1後期)'!$G$5),0)&"" | O15: =VLOOKUP($C2,'2026年度(M2後期)'!$B$5:$N$207,COLUMN('2026年度(M2後期)'!$G$5),0)&"" | Q15: =VLOOKUP($C2,'2026年度(D1後期)'!$B$5:$N$207,COLUMN('2026年度(D1後期)'!$G$5),0)&"" | S15: =VLOOKUP($C2,'2026年度(D23後期)'!$B$5:$N$207,COLUMN('2026年度(D23後期)'!$G$5),0)&"" | Z15: =A15 -> ３時限（13：30～15：00）
B16: 教 官 | C16: =IFERROR(VLOOKUP(C15,科目・教員!$A$2:$B$342,2,0),"") | E16: =IFERROR(VLOOKUP(E15,科目・教員!$A$2:$B$342,2,0),"") | G16: =IFERROR(VLOOKUP(G15,科目・教員!$A$2:$B$342,2,0),"") | I16: =IFERROR(VLOOKUP(I15,科目・教員!$A$2:$B$342,2,0),"") | K16: =IFERROR(VLOOKUP(K15,科目・教員!$A$2:$B$342,2,0),"") | M16: =IFERROR(VLOOKUP(M15,科目・教員!$A$2:$B$342,2,0),"") | O16: =IFERROR(VLOOKUP(O15,科目・教員!$A$2:$B$342,2,0),"") | Q16: =IFERROR(VLOOKUP(Q15,科目・教員!$A$2:$B$342,2,0),"") | S16: =IFERROR(VLOOKUP(S15,科目・教員!$A$2:$B$342,2,0),"")
B17: 使用教室 | C17: =VLOOKUP($C2,'2026年度(1年後期)'!$B$5:$N$207,COLUMN('2026年度(1年後期)'!$G$5)+1,0)&"" | E17: =VLOOKUP($C2,'2026年度(2年後期)'!$B$5:$N$207,COLUMN('2026年度(2年後期)'!$G$5)+1,0)&"" | G17: =VLOOKUP($C2,'2026年度(3年後期)'!$B$5:$N$207,COLUMN('2026年度(3年後期)'!$G$5)+1,0)&"" | I17: =VLOOKUP($C2,'2026年度(4年後期)'!$B$5:$N$206,COLUMN('2026年度(4年後期)'!$G$5)+1,0)&"" | K17: =VLOOKUP($C2,'2026年度(助産後期)'!$B$5:$N$207,COLUMN('2026年度(助産後期)'!$G$5)+1,0)&"" | M17: =VLOOKUP($C2,'2026年度(M1後期)'!$B$5:$N$207,COLUMN('2026年度(M1後期)'!$G$5)+1,0)&"" | O17: =VLOOKUP($C2,'2026年度(M2後期)'!$B$5:$N$207,COLUMN('2026年度(M2後期)'!$G$5)+1,0)&"" | Q17: =VLOOKUP($C2,'2026年度(D1後期)'!$B$5:$N$207,COLUMN('2026年度(D1後期)'!$G$5)+1,0)&"" | S17: =VLOOKUP($C2,'2026年度(D23後期)'!$B$5:$N$207,COLUMN('2026年度(D23後期)'!$G$5)+1,0)&""
B18: 備 考
A19: ４時限（15：10～16：40） | B19: 科目名 | C19: =VLOOKUP($C2,'2026年度(1年後期)'!$B$5:$N$207,COLUMN('2026年度(1年後期)'!$I$5),0)&"" | E19: =VLOOKUP($C2,'2026年度(2年後期)'!$B$5:$N$207,COLUMN('2026年度(2年後期)'!$I$5),0)&"" | G19: =VLOOKUP($C2,'2026年度(3年後期)'!$B$5:$N$207,COLUMN('2026年度(3年後期)'!$I$5),0)&"" | I19: =VLOOKUP($C2,'2026年度(4年後期)'!$B$5:$N$206,COLUMN('2026年度(4年後期)'!$I$5),0)&"" | K19: =VLOOKUP($C2,'2026年度(助産後期)'!$B$5:$N$207,COLUMN('2026年度(助産後期)'!$I$5),0)&"" | M19: =VLOOKUP($C2,'2026年度(M1後期)'!$B$5:$N$207,COLUMN('2026年度(M1後期)'!$I$5),0)&"" | O19: =VLOOKUP($C2,'2026年度(M2後期)'!$B$5:$N$207,COLUMN('2026年度(M2後期)'!$I$5),0)&"" | Q19: =VLOOKUP($C2,'2026年度(D1後期)'!$B$5:$N$207,COLUMN('2026年度(D1後期)'!$I$5),0)&"" | S19: =VLOOKUP($C2,'2026年度(D23後期)'!$B$5:$N$207,COLUMN('2026年度(D23後期)'!$I$5),0)&"" | Z19: =A19 -> ４時限（15：10～16：40）
B20: 教 官 | C20: =IFERROR(VLOOKUP(C19,科目・教員!$A$2:$B$342,2,0),"") | E20: =IFERROR(VLOOKUP(E19,科目・教員!$A$2:$B$342,2,0),"") | G20: =IFERROR(VLOOKUP(G19,科目・教員!$A$2:$B$342,2,0),"") | I20: =IFERROR(VLOOKUP(I19,科目・教員!$A$2:$B$342,2,0),"") | K20: =IFERROR(VLOOKUP(K19,科目・教員!$A$2:$B$342,2,0),"") | M20: =IFERROR(VLOOKUP(M19,科目・教員!$A$2:$B$342,2,0),"") | O20: =IFERROR(VLOOKUP(O19,科目・教員!$A$2:$B$342,2,0),"") | Q20: =IFERROR(VLOOKUP(Q19,科目・教員!$A$2:$B$342,2,0),"") | S20: =IFERROR(VLOOKUP(S19,科目・教員!$A$2:$B$342,2,0),"")
B21: 使用教室 | C21: =VLOOKUP($C2,'2026年度(1年後期)'!$B$5:$N$207,COLUMN('2026年度(1年後期)'!$I$5)+1,0)&"" | E21: =VLOOKUP($C2,'2026年度(2年後期)'!$B$5:$N$207,COLUMN('2026年度(2年後期)'!$I$5)+1,0)&"" | G21: =VLOOKUP($C2,'2026年度(3年後期)'!$B$5:$N$207,COLUMN('2026年度(3年後期)'!$I$5)+1,0)&"" | I21: =VLOOKUP($C2,'2026年度(4年後期)'!$B$5:$N$206,COLUMN('2026年度(4年後期)'!$I$5)+1,0)&"" | K21: =VLOOKUP($C2,'2026年度(助産後期)'!$B$5:$N$207,COLUMN('2026年度(助産後期)'!$I$5)+1,0)&"" | M21: =VLOOKUP($C2,'2026年度(M1後期)'!$B$5:$N$207,COLUMN('2026年度(M1後期)'!$I$5)+1,0)&"" | O21: =VLOOKUP($C2,'2026年度(M2後期)'!$B$5:$N$207,COLUMN('2026年度(M2後期)'!$I$5)+1,0)&"" | Q21: =VLOOKUP($C2,'2026年度(D1後期)'!$B$5:$N$207,COLUMN('2026年度(D1後期)'!$I$5)+1,0)&"" | S21: =VLOOKUP($C2,'2026年度(D23後期)'!$B$5:$N$207,COLUMN('2026年度(D23後期)'!$I$5)+1,0)&""
B22: 備 考
A23: ５時限（16：50～18：20） | B23: 科目名 | C23: =VLOOKUP($C2,'2026年度(1年後期)'!$B$5:$N$207,COLUMN('2026年度(1年後期)'!$K$5),0)&"" | E23: =VLOOKUP($C2,'2026年度(2年後期)'!$B$5:$N$207,COLUMN('2026年度(2年後期)'!$K$5),0)&"" | G23: =VLOOKUP($C2,'2026年度(3年後期)'!$B$5:$N$207,COLUMN('2026年度(3年後期)'!$K$5),0)&"" | I23: =VLOOKUP($C2,'2026年度(4年後期)'!$B$5:$N$206,COLUMN('2026年度(4年後期)'!$K$5),0)&"" | K23: =VLOOKUP($C2,'2026年度(助産後期)'!$B$5:$N$207,COLUMN('2026年度(助産後期)'!$K$5),0)&"" | M23: =VLOOKUP($C2,'2026年度(M1後期)'!$B$5:$N$207,COLUMN('2026年度(M1後期)'!$K$5),0)&"" | O23: =VLOOKUP($C2,'2026年度(M2後期)'!$B$5:$N$207,COLUMN('2026年度(M2後期)'!$K$5),0)&"" | Q23: =VLOOKUP($C2,'2026年度(D1後期)'!$B$5:$N$207,COLUMN('2026年度(D1後期)'!$K$5),0)&"" | S23: =VLOOKUP($C2,'2026年度(D23後期)'!$B$5:$N$207,COLUMN('2026年度(D23後期)'!$K$5),0)&"" | Z23: =A23 -> ５時限（16：50～18：20）
B24: 教 官 | C24: =IFERROR(VLOOKUP(C23,科目・教員!$A$2:$B$342,2,0),"") | E24: =IFERROR(VLOOKUP(E23,科目・教員!$A$2:$B$342,2,0),"") | G24: =IFERROR(VLOOKUP(G23,科目・教員!$A$2:$B$342,2,0),"") | I24: =IFERROR(VLOOKUP(I23,科目・教員!$A$2:$B$342,2,0),"") | K24: =IFERROR(VLOOKUP(K23,科目・教員!$A$2:$B$342,2,0),"") | M24: =IFERROR(VLOOKUP(M23,科目・教員!$A$2:$B$342,2,0),"") | O24: =IFERROR(VLOOKUP(O23,科目・教員!$A$2:$B$342,2,0),"") | Q24: =IFERROR(VLOOKUP(Q23,科目・教員!$A$2:$B$342,2,0),"") | S24: =IFERROR(VLOOKUP(S23,科目・教員!$A$2:$B$342,2,0),"")
B25: 使用教室 | C25: =VLOOKUP($C2,'2026年度(1年後期)'!$B$5:$N$207,COLUMN('2026年度(1年後期)'!$K$5)+1,0)&"" | E25: =VLOOKUP($C2,'2026年度(2年後期)'!$B$5:$N$207,COLUMN('2026年度(2年後期)'!$K$5)+1,0)&"" | G25: =VLOOKUP($C2,'2026年度(3年後期)'!$B$5:$N$207,COLUMN('2026年度(3年後期)'!$K$5)+1,0)&"" | I25: =VLOOKUP($C2,'2026年度(4年後期)'!$B$5:$N$206,COLUMN('2026年度(4年後期)'!$K$5)+1,0)&"" | K25: =VLOOKUP($C2,'2026年度(助産後期)'!$B$5:$N$207,COLUMN('2026年度(助産後期)'!$K$5)+1,0)&"" | M25: =VLOOKUP($C2,'2026年度(M1後期)'!$B$5:$N$207,COLUMN('2026年度(M1後期)'!$K$5)+1,0)&"" | O25: =VLOOKUP($C2,'2026年度(M2後期)'!$B$5:$N$207,COLUMN('2026年度(M2後期)'!$K$5)+1,0)&"" | Q25: =VLOOKUP($C2,'2026年度(D1後期)'!$B$5:$N$207,COLUMN('2026年度(D1後期)'!$K$5)+1,0)&"" | S25: =VLOOKUP($C2,'2026年度(D23後期)'!$B$5:$N$207,COLUMN('2026年度(D23後期)'!$K$5)+1,0)&""
B26: 備 考
C27: =C2+1 -> 46328 | U27: =C27 -> 46328 | AA27: 101 | AB27: 102 | AC27: 103 | AD27: 在宅実習室 | AE27: 成人実習室 | AF27: 講堂 | AG27: 201 | AH27: 202 | AI27: 203 | AJ27: 204 | AK27: 205 | AL27: 基礎実習室 | AM27: 母性・小児実習室 | AN27: 演習21 | AO27: 演習22 | AP27: 演習23 | AQ27: 演習24 | AR27: 演習25 | AS27: 演習26 | AT27: 演習27 | AU27: 演習28 | AV27: 演習29 | AW27: 301 | AX27: 302 | AY27: 303 | AZ27: 304 | BA27: 臨床１ | BB27: 臨床２ | BC27: LL1 | BD27: LL2 | BE27: 実験室 | BF27: 情報処理室 | BG27: 演習31 | BH27: 演習32 | BI27: セミナー室１ | BJ27: セミナー室２ | BK27: セミナー室3 | BL27: セミナー室4 | BM27: セミナー室5 | BN27: 大講義室 | BO27: アリーナ | BP27: 研修１ | BQ27: 研修３ | BR27: 研修４ | BS27: 研修５ | BT27: 研修６ | BU27: 研修７ | BV27: 視聴覚室
A28: １時限（09：20～10：50） | B28: 科目名 | C28: =VLOOKUP($C27,'2026年度(1年後期)'!$B$5:$N$207,COLUMN('2026年度(1年後期)'!$C$5),0)&"" -> 心と発達 | E28: =VLOOKUP($C27,'2026年度(2年後期)'!$B$5:$N$207,COLUMN('2026年度(2年後期)'!$C$5),0)&"" -> 英語Ⅳ | G28: =VLOOKUP($C27,'2026年度(3年後期)'!$B$5:$N$207,COLUMN('2026年度(3年後期)'!$C$5),0)&"" -> 領域別実習 | I28: =VLOOKUP($C27,'2026年度(4年後期)'!$B$5:$N$206,COLUMN('2026年度(4年後期)'!$C$5),0)&"" | K28: =VLOOKUP($C27,'2026年度(助産後期)'!$B$5:$N$207,COLUMN('2026年度(助産後期)'!$C$5),0)&"" -> 助産学実習Ⅰ(追実習) | M28: =VLOOKUP($C27,'2026年度(M1後期)'!$B$5:$N$207,COLUMN('2026年度(M1後期)'!$C$5),0)&"" -> D論文審査会（12月申請） | O28: =VLOOKUP($C27,'2026年度(M2後期)'!$B$5:$N$207,COLUMN('2026年度(M2後期)'!$C$5),0)&"" -> D論文審査会（12月申請） | Q28: =VLOOKUP($C27,'2026年度(D1後期)'!$B$5:$N$207,COLUMN('2026年度(D1後期)'!$C$5),0)&"" -> D論文審査会（12月申請） | S28: =VLOOKUP($C27,'2026年度(D23後期)'!$B$5:$N$207,COLUMN('2026年度(D23後期)'!$C$5),0)&"" -> D論文審査会（12月申請） | V28: ９：0０～17：00 | Z28: =A28 -> １時限（09：20～10：50） | AA28: 心と発達 | AG28: 英語Ⅳ | AH28: 成人看護学実習Ⅱ | AI28: 成人看護学実習Ⅱ | AJ28: 成人看護学実習Ⅱ | AM28: 母性看護学実習（自主練）
B29: 教 官 | C29: =IFERROR(VLOOKUP(C28,科目・教員!$A$2:$B$342,2,0),"") -> 松本 聡子 | E29: =IFERROR(VLOOKUP(E28,科目・教員!$A$2:$B$342,2,0),"") -> ﾊﾟｳﾗ･ﾍﾞﾙｳﾞｧﾝｹﾙ | G29: =IFERROR(VLOOKUP(G28,科目・教員!$A$2:$B$342,2,0),"") | I29: =IFERROR(VLOOKUP(I28,科目・教員!$A$2:$B$342,2,0),"") | K29: =IFERROR(VLOOKUP(K28,科目・教員!$A$2:$B$342,2,0),"") | M29: =IFERROR(VLOOKUP(M28,科目・教員!$A$2:$B$342,2,0),"") | O29: =IFERROR(VLOOKUP(O28,科目・教員!$A$2:$B$342,2,0),"") | Q29: =IFERROR(VLOOKUP(Q28,科目・教員!$A$2:$B$342,2,0),"") | S29: =IFERROR(VLOOKUP(S28,科目・教員!$A$2:$B$342,2,0),"") | V29: 母性看護学実習（自主練）
B30: 使用教室 | C30: =VLOOKUP($C27,'2026年度(1年後期)'!$B$5:$N$207,COLUMN('2026年度(1年後期)'!$C$5)+1,0)&"" -> 101 | E30: =VLOOKUP($C27,'2026年度(2年後期)'!$B$5:$N$207,COLUMN('2026年度(2年後期)'!$C$5)+1,0)&"" -> 201 | G30: =VLOOKUP($C27,'2026年度(3年後期)'!$B$5:$N$207,COLUMN('2026年度(3年後期)'!$C$5)+1,0)&"" -> 成人Ⅱ:202･203･204 | I30: =VLOOKUP($C27,'2026年度(4年後期)'!$B$5:$N$206,COLUMN('2026年度(4年後期)'!$C$5)+1,0)&"" | K30: =VLOOKUP($C27,'2026年度(助産後期)'!$B$5:$N$207,COLUMN('2026年度(助産後期)'!$C$5)+1,0)&"" | M30: =VLOOKUP($C27,'2026年度(M1後期)'!$B$5:$N$207,COLUMN('2026年度(M1後期)'!$C$5)+1,0)&"" -> 301･302 | O30: =VLOOKUP($C27,'2026年度(M2後期)'!$B$5:$N$207,COLUMN('2026年度(M2後期)'!$C$5)+1,0)&"" -> 301･302 | Q30: =VLOOKUP($C27,'2026年度(D1後期)'!$B$5:$N$207,COLUMN('2026年度(D1後期)'!$C$5)+1,0)&"" -> 301･302 | S30: =VLOOKUP($C27,'2026年度(D23後期)'!$B$5:$N$207,COLUMN('2026年度(D23後期)'!$C$5)+1,0)&"" -> 301･302 | V30: 齋藤先生
B31: 備 考 | C31: 非常勤講師控室C | E31: 非常勤講師控室A | V31: 母性小児看護実習室
A32: ２時限（11：00～12：30） | B32: 科目名 | C32: =VLOOKUP($C27,'2026年度(1年後期)'!$B$5:$N$207,COLUMN('2026年度(1年後期)'!$E$5),0)&"" -> 生活援助論Ⅱ | E32: =VLOOKUP($C27,'2026年度(2年後期)'!$B$5:$N$207,COLUMN('2026年度(2年後期)'!$E$5),0)&"" -> 英語Ⅳ | G32: =VLOOKUP($C27,'2026年度(3年後期)'!$B$5:$N$207,COLUMN('2026年度(3年後期)'!$E$5),0)&"" -> 領域別実習 | I32: =VLOOKUP($C27,'2026年度(4年後期)'!$B$5:$N$206,COLUMN('2026年度(4年後期)'!$E$5),0)&"" | K32: =VLOOKUP($C27,'2026年度(助産後期)'!$B$5:$N$207,COLUMN('2026年度(助産後期)'!$E$5),0)&"" -> 助産学実習Ⅰ(追実習) | M32: =VLOOKUP($C27,'2026年度(M1後期)'!$B$5:$N$207,COLUMN('2026年度(M1後期)'!$E$5),0)&"" -> D論文審査会（12月申請） | O32: =VLOOKUP($C27,'2026年度(M2後期)'!$B$5:$N$207,COLUMN('2026年度(M2後期)'!$E$5),0)&"" -> D論文審査会（12月申請） | Q32: =VLOOKUP($C27,'2026年度(D1後期)'!$B$5:$N$207,COLUMN('2026年度(D1後期)'!$E$5),0)&"" -> D論文審査会（12月申請） | S32: =VLOOKUP($C27,'2026年度(D23後期)'!$B$5:$N$207,COLUMN('2026年度(D23後期)'!$E$5),0)&"" -> D論文審査会（12月申請） | Z32: =A32 -> ２時限（11：00～12：30） | AA32: 生活援助論Ⅱ | AG32: 英語Ⅳ | AH32: 成人看護学実習Ⅱ | AI32: 成人看護学実習Ⅱ | AJ32: 成人看護学実習Ⅱ | AM32: 母性看護学実習（自主練）
B33: 教 官 | C33: =IFERROR(VLOOKUP(C32,科目・教員!$A$2:$B$342,2,0),"") -> 森下 純子 | E33: =IFERROR(VLOOKUP(E32,科目・教員!$A$2:$B$342,2,0),"") -> ﾊﾟｳﾗ･ﾍﾞﾙｳﾞｧﾝｹﾙ | G33: =IFERROR(VLOOKUP(G32,科目・教員!$A$2:$B$342,2,0),"") | I33: =IFERROR(VLOOKUP(I32,科目・教員!$A$2:$B$342,2,0),"") | K33: =IFERROR(VLOOKUP(K32,科目・教員!$A$2:$B$342,2,0),"") | M33: =IFERROR(VLOOKUP(M32,科目・教員!$A$2:$B$342,2,0),"") | O33: =IFERROR(VLOOKUP(O32,科目・教員!$A$2:$B$342,2,0),"") | Q33: =IFERROR(VLOOKUP(Q32,科目・教員!$A$2:$B$342,2,0),"") | S33: =IFERROR(VLOOKUP(S32,科目・教員!$A$2:$B$342,2,0),"")
B34: 使用教室 | C34: =VLOOKUP($C27,'2026年度(1年後期)'!$B$5:$N$207,COLUMN('2026年度(1年後期)'!$E$5)+1,0)&"" -> 101 | E34: =VLOOKUP($C27,'2026年度(2年後期)'!$B$5:$N$207,COLUMN('2026年度(2年後期)'!$E$5)+1,0)&"" -> 201 | G34: =VLOOKUP($C27,'2026年度(3年後期)'!$B$5:$N$207,COLUMN('2026年度(3年後期)'!$E$5)+1,0)&"" -> 成人Ⅱ:202･203･204 | I34: =VLOOKUP($C27,'2026年度(4年後期)'!$B$5:$N$206,COLUMN('2026年度(4年後期)'!$E$5)+1,0)&"" | K34: =VLOOKUP($C27,'2026年度(助産後期)'!$B$5:$N$207,COLUMN('2026年度(助産後期)'!$E$5)+1,0)&"" | M34: =VLOOKUP($C27,'2026年度(M1後期)'!$B$5:$N$207,COLUMN('2026年度(M1後期)'!$E$5)+1,0)&"" -> 301･302 | O34: =VLOOKUP($C27,'2026年度(M2後期)'!$B$5:$N$207,COLUMN('2026年度(M2後期)'!$E$5)+1,0)&"" -> 301･302 | Q34: =VLOOKUP($C27,'2026年度(D1後期)'!$B$5:$N$207,COLUMN('2026年度(D1後期)'!$E$5)+1,0)&"" -> 301･302 | S34: =VLOOKUP($C27,'2026年度(D23後期)'!$B$5:$N$207,COLUMN('2026年度(D23後期)'!$E$5)+1,0)&"" -> 301･302
B35: 備 考 | E35: 非常勤講師控室A
A36: 昼休み（12：30～13：30） | B36: 活動名 | Z36: =A36 -> 昼休み（12：30～13：30） | AM36: 母性看護学実習（自主練）
B37: 責任者
B38: 使用教室
B39: 備 考
A40: ３時限（13：30～15：00） | B40: 科目名 | C40: =VLOOKUP($C27,'2026年度(1年後期)'!$B$5:$N$207,COLUMN('2026年度(1年後期)'!$G$5),0)&"" -> 疫学・保健統計学Ⅱ | E40: =VLOOKUP($C27,'2026年度(2年後期)'!$B$5:$N$207,COLUMN('2026年度(2年後期)'!$G$5),0)&"" -> 英語S | G40: =VLOOKUP($C27,'2026年度(3年後期)'!$B$5:$N$207,COLUMN('2026年度(3年後期)'!$G$5),0)&"" -> 領域別実習 | I40: =VLOOKUP($C27,'2026年度(4年後期)'!$B$5:$N$206,COLUMN('2026年度(4年後期)'!$G$5),0)&"" | K40: =VLOOKUP($C27,'2026年度(助産後期)'!$B$5:$N$207,COLUMN('2026年度(助産後期)'!$G$5),0)&"" -> 助産学実習Ⅰ(追実習) | M40: =VLOOKUP($C27,'2026年度(M1後期)'!$B$5:$N$207,COLUMN('2026年度(M1後期)'!$G$5),0)&"" -> 看護理論 | O40: =VLOOKUP($C27,'2026年度(M2後期)'!$B$5:$N$207,COLUMN('2026年度(M2後期)'!$G$5),0)&"" -> 特別研究 | Q40: =VLOOKUP($C27,'2026年度(D1後期)'!$B$5:$N$207,COLUMN('2026年度(D1後期)'!$G$5),0)&"" -> 量的看護学研究法 | S40: =VLOOKUP($C27,'2026年度(D23後期)'!$B$5:$N$207,COLUMN('2026年度(D23後期)'!$G$5),0)&"" -> 特別研究 | Z40: =A40 -> ３時限（13：30～15：00） | AA40: 疫学･保健統計学Ⅱ | AH40: 成人看護学実習Ⅱ | AI40: 成人看護学実習Ⅱ | AJ40: 成人看護学実習Ⅱ | AM40: 母性看護学実習（自主練） | AZ40: 英語S | BB40: 量的看護学研究法
B41: 教 官 | C41: =IFERROR(VLOOKUP(C40,科目・教員!$A$2:$B$342,2,0),"") -> 柏木 公一 | E41: =IFERROR(VLOOKUP(E40,科目・教員!$A$2:$B$342,2,0),"") -> ﾊﾟｳﾗ･ﾍﾞﾙｳﾞｧﾝｹﾙ | G41: =IFERROR(VLOOKUP(G40,科目・教員!$A$2:$B$342,2,0),"") | I41: =IFERROR(VLOOKUP(I40,科目・教員!$A$2:$B$342,2,0),"") | K41: =IFERROR(VLOOKUP(K40,科目・教員!$A$2:$B$342,2,0),"") | M41: =IFERROR(VLOOKUP(M40,科目・教員!$A$2:$B$342,2,0),"") -> 亀岡 智美 | O41: =IFERROR(VLOOKUP(O40,科目・教員!$A$2:$B$342,2,0),"") | Q41: =IFERROR(VLOOKUP(Q40,科目・教員!$A$2:$B$342,2,0),"") -> 柏木 公一 | S41: =IFERROR(VLOOKUP(S40,科目・教員!$A$2:$B$342,2,0),"")
B42: 使用教室 | C42: =VLOOKUP($C27,'2026年度(1年後期)'!$B$5:$N$207,COLUMN('2026年度(1年後期)'!$G$5)+1,0)&"" -> 101 | E42: =VLOOKUP($C27,'2026年度(2年後期)'!$B$5:$N$207,COLUMN('2026年度(2年後期)'!$G$5)+1,0)&"" -> 304 | G42: =VLOOKUP($C27,'2026年度(3年後期)'!$B$5:$N$207,COLUMN('2026年度(3年後期)'!$G$5)+1,0)&"" -> 成人Ⅱ:202･203･204 | I42: =VLOOKUP($C27,'2026年度(4年後期)'!$B$5:$N$206,COLUMN('2026年度(4年後期)'!$G$5)+1,0)&"" | K42: =VLOOKUP($C27,'2026年度(助産後期)'!$B$5:$N$207,COLUMN('2026年度(助産後期)'!$G$5)+1,0)&"" | M42: =VLOOKUP($C27,'2026年度(M1後期)'!$B$5:$N$207,COLUMN('2026年度(M1後期)'!$G$5)+1,0)&"" -> オンライン | O42: =VLOOKUP($C27,'2026年度(M2後期)'!$B$5:$N$207,COLUMN('2026年度(M2後期)'!$G$5)+1,0)&"" | Q42: =VLOOKUP($C27,'2026年度(D1後期)'!$B$5:$N$207,COLUMN('2026年度(D1後期)'!$G$5)+1,0)&"" -> 臨床講義室２ | S42: =VLOOKUP($C27,'2026年度(D23後期)'!$B$5:$N$207,COLUMN('2026年度(D23後期)'!$G$5)+1,0)&""
B43: 備 考 | E43: 非常勤講師控室A
A44: ４時限（15：10～16：40） | B44: 科目名 | C44: =VLOOKUP($C27,'2026年度(1年後期)'!$B$5:$N$207,COLUMN('2026年度(1年後期)'!$I$5),0)&"" -> 英語Ⅱ | E44: =VLOOKUP($C27,'2026年度(2年後期)'!$B$5:$N$207,COLUMN('2026年度(2年後期)'!$I$5),0)&"" -> 母性看護援助論Ⅰ | G44: =VLOOKUP($C27,'2026年度(3年後期)'!$B$5:$N$207,COLUMN('2026年度(3年後期)'!$I$5),0)&"" -> 領域別実習 | I44: =VLOOKUP($C27,'2026年度(4年後期)'!$B$5:$N$206,COLUMN('2026年度(4年後期)'!$I$5),0)&"" | K44: =VLOOKUP($C27,'2026年度(助産後期)'!$B$5:$N$207,COLUMN('2026年度(助産後期)'!$I$5),0)&"" -> 助産学実習Ⅰ(追実習) | M44: =VLOOKUP($C27,'2026年度(M1後期)'!$B$5:$N$207,COLUMN('2026年度(M1後期)'!$I$5),0)&"" -> 看護理論 | O44: =VLOOKUP($C27,'2026年度(M2後期)'!$B$5:$N$207,COLUMN('2026年度(M2後期)'!$I$5),0)&"" -> 特別研究 | Q44: =VLOOKUP($C27,'2026年度(D1後期)'!$B$5:$N$207,COLUMN('2026年度(D1後期)'!$I$5),0)&"" -> 量的看護学研究法 | S44: =VLOOKUP($C27,'2026年度(D23後期)'!$B$5:$N$207,COLUMN('2026年度(D23後期)'!$I$5),0)&"" -> 特別研究 | U44: ４限 | Z44: =A44 -> ４時限（15：10～16：40） | AA44: 英語Ⅱ | AG44: 母性看護援助論Ⅰ | AH44: 成人看護学実習Ⅱ | AI44: 成人看護学実習Ⅱ | AJ44: 成人看護学実習Ⅱ | AM44: 母性看護学実習（自主練） | AY44: 英語Ⅱ | BB44: 量的看護学研究法 | BI44: M2尾澤
B45: 教 官 | C45: =IFERROR(VLOOKUP(C44,科目・教員!$A$2:$B$342,2,0),"") -> ﾊﾟｳﾗ･ﾍﾞﾙｳﾞｧﾝｹﾞﾙ ｸﾘｽ･ﾊﾟｰﾊﾑ | E45: =IFERROR(VLOOKUP(E44,科目・教員!$A$2:$B$342,2,0),"") -> 日置 智華子 | G45: =IFERROR(VLOOKUP(G44,科目・教員!$A$2:$B$342,2,0),"") | I45: =IFERROR(VLOOKUP(I44,科目・教員!$A$2:$B$342,2,0),"") | K45: =IFERROR(VLOOKUP(K44,科目・教員!$A$2:$B$342,2,0),"") | M45: =IFERROR(VLOOKUP(M44,科目・教員!$A$2:$B$342,2,0),"") -> 亀岡 智美 | O45: =IFERROR(VLOOKUP(O44,科目・教員!$A$2:$B$342,2,0),"") | Q45: =IFERROR(VLOOKUP(Q44,科目・教員!$A$2:$B$342,2,0),"") -> 柏木 公一 | S45: =IFERROR(VLOOKUP(S44,科目・教員!$A$2:$B$342,2,0),"") | U45: 特別研究
B46: 使用教室 | C46: =VLOOKUP($C27,'2026年度(1年後期)'!$B$5:$N$207,COLUMN('2026年度(1年後期)'!$I$5)+1,0)&"" -> AC：101 BD：３03 | E46: =VLOOKUP($C27,'2026年度(2年後期)'!$B$5:$N$207,COLUMN('2026年度(2年後期)'!$I$5)+1,0)&"" -> 201 | G46: =VLOOKUP($C27,'2026年度(3年後期)'!$B$5:$N$207,COLUMN('2026年度(3年後期)'!$I$5)+1,0)&"" -> 成人Ⅱ:202･203･204 | I46: =VLOOKUP($C27,'2026年度(4年後期)'!$B$5:$N$206,COLUMN('2026年度(4年後期)'!$I$5)+1,0)&"" | K46: =VLOOKUP($C27,'2026年度(助産後期)'!$B$5:$N$207,COLUMN('2026年度(助産後期)'!$I$5)+1,0)&"" | M46: =VLOOKUP($C27,'2026年度(M1後期)'!$B$5:$N$207,COLUMN('2026年度(M1後期)'!$I$5)+1,0)&"" -> オンライン | O46: =VLOOKUP($C27,'2026年度(M2後期)'!$B$5:$N$207,COLUMN('2026年度(M2後期)'!$I$5)+1,0)&"" | Q46: =VLOOKUP($C27,'2026年度(D1後期)'!$B$5:$N$207,COLUMN('2026年度(D1後期)'!$I$5)+1,0)&"" -> 臨床講義室２ | S46: =VLOOKUP($C27,'2026年度(D23後期)'!$B$5:$N$207,COLUMN('2026年度(D23後期)'!$I$5)+1,0)&"" | U46: M2尾澤
B47: 備 考 | C47: 非常勤講師控室A | U47: セミナールーム１
A48: ５時限（16：50～18：20） | B48: 科目名 | C48: =VLOOKUP($C27,'2026年度(1年後期)'!$B$5:$N$207,COLUMN('2026年度(1年後期)'!$K$5),0)&"" | E48: =VLOOKUP($C27,'2026年度(2年後期)'!$B$5:$N$207,COLUMN('2026年度(2年後期)'!$K$5),0)&"" | G48: =VLOOKUP($C27,'2026年度(3年後期)'!$B$5:$N$207,COLUMN('2026年度(3年後期)'!$K$5),0)&"" | I48: =VLOOKUP($C27,'2026年度(4年後期)'!$B$5:$N$206,COLUMN('2026年度(4年後期)'!$K$5),0)&"" | K48: =VLOOKUP($C27,'2026年度(助産後期)'!$B$5:$N$207,COLUMN('2026年度(助産後期)'!$K$5),0)&"" | M48: =VLOOKUP($C27,'2026年度(M1後期)'!$B$5:$N$207,COLUMN('2026年度(M1後期)'!$K$5),0)&"" | O48: =VLOOKUP($C27,'2026年度(M2後期)'!$B$5:$N$207,COLUMN('2026年度(M2後期)'!$K$5),0)&"" | Q48: =VLOOKUP($C27,'2026年度(D1後期)'!$B$5:$N$207,COLUMN('2026年度(D1後期)'!$K$5),0)&"" | S48: =VLOOKUP($C27,'2026年度(D23後期)'!$B$5:$N$207,COLUMN('2026年度(D23後期)'!$K$5),0)&"" | V48: ５限 | Z48: =A48 -> ５時限（16：50～18：20） | AM48: 母性看護学実習（自主練） | BJ48: D3齋藤
B49: 教 官 | C49: =IFERROR(VLOOKUP(C48,科目・教員!$A$2:$B$342,2,0),"") | E49: =IFERROR(VLOOKUP(E48,科目・教員!$A$2:$B$342,2,0),"") | G49: =IFERROR(VLOOKUP(G48,科目・教員!$A$2:$B$342,2,0),"") | I49: =IFERROR(VLOOKUP(I48,科目・教員!$A$2:$B$342,2,0),"") | K49: =IFERROR(VLOOKUP(K48,科目・教員!$A$2:$B$342,2,0),"") | M49: =IFERROR(VLOOKUP(M48,科目・教員!$A$2:$B$342,2,0),"") | O49: =IFERROR(VLOOKUP(O48,科目・教員!$A$2:$B$342,2,0),"") | Q49: =IFERROR(VLOOKUP(Q48,科目・教員!$A$2:$B$342,2,0),"") | S49: =IFERROR(VLOOKUP(S48,科目・教員!$A$2:$B$342,2,0),"") | V49: 長寿看護学ゼミ
B50: 使用教室 | C50: =VLOOKUP($C27,'2026年度(1年後期)'!$B$5:$N$207,COLUMN('2026年度(1年後期)'!$K$5)+1,0)&"" | E50: =VLOOKUP($C27,'2026年度(2年後期)'!$B$5:$N$207,COLUMN('2026年度(2年後期)'!$K$5)+1,0)&"" | G50: =VLOOKUP($C27,'2026年度(3年後期)'!$B$5:$N$207,COLUMN('2026年度(3年後期)'!$K$5)+1,0)&"" | I50: =VLOOKUP($C27,'2026年度(4年後期)'!$B$5:$N$206,COLUMN('2026年度(4年後期)'!$K$5)+1,0)&"" | K50: =VLOOKUP($C27,'2026年度(助産後期)'!$B$5:$N$207,COLUMN('2026年度(助産後期)'!$K$5)+1,0)&"" | M50: =VLOOKUP($C27,'2026年度(M1後期)'!$B$5:$N$207,COLUMN('2026年度(M1後期)'!$K$5)+1,0)&"" | O50: =VLOOKUP($C27,'2026年度(M2後期)'!$B$5:$N$207,COLUMN('2026年度(M2後期)'!$K$5)+1,0)&"" | Q50: =VLOOKUP($C27,'2026年度(D1後期)'!$B$5:$N$207,COLUMN('2026年度(D1後期)'!$K$5)+1,0)&"" | S50: =VLOOKUP($C27,'2026年度(D23後期)'!$B$5:$N$207,COLUMN('2026年度(D23後期)'!$K$5)+1,0)&"" | V50: D3齋藤
B51: 備 考 | V51: セミナールーム２
C52: =C27+1 -> 46329 | U52: =C52 -> 46329 | AA52: 101 | AB52: 102 | AC52: 103 | AD52: 在宅実習室 | AE52: 成人実習室 | AF52: 講堂 | AG52: 201 | AH52: 202 | AI52: 203 | AJ52: 204 | AK52: 205 | AL52: 基礎実習室 | AM52: 母性・小児実習室 | AN52: 演習21 | AO52: 演習22 | AP52: 演習23 | AQ52: 演習24 | AR52: 演習25 | AS52: 演習26 | AT52: 演習27 | AU52: 演習28 | AV52: 演習29 | AW52: 301 | AX52: 302 | AY52: 303 | AZ52: 304 | BA52: 臨床１ | BB52: 臨床２ | BC52: LL1 | BD52: LL2 | BE52: 実験室 | BF52: 情報処理室 | BG52: 演習31 | BH52: 演習32 | BI52: セミナー室１ | BJ52: セミナー室２ | BK52: セミナー室3 | BL52: セミナー室4 | BM52: セミナー室5 | BN52: 大講義室 | BO52: アリーナ | BP52: 研修１ | BQ52: 研修３ | BR52: 研修４ | BS52: 研修５ | BT52: 研修６ | BU52: 研修７ | BV52: 視聴覚室
A53: １時限（09：20～10：50） | B53: 科目名 | C53: =VLOOKUP($C52,'2026年度(1年後期)'!$B$5:$N$207,COLUMN('2026年度(1年後期)'!$C$5),0)&"" | E53: =VLOOKUP($C52,'2026年度(2年後期)'!$B$5:$N$207,COLUMN('2026年度(2年後期)'!$C$5),0)&"" | G53: =VLOOKUP($C52,'2026年度(3年後期)'!$B$5:$N$207,COLUMN('2026年度(3年後期)'!$C$5),0)&"" | I53: =VLOOKUP($C52,'2026年度(4年後期)'!$B$5:$N$206,COLUMN('2026年度(4年後期)'!$C$5),0)&"" | K53: =VLOOKUP($C52,'2026年度(助産後期)'!$B$5:$N$207,COLUMN('2026年度(助産後期)'!$C$5),0)&"" | M53: =VLOOKUP($C52,'2026年度(M1後期)'!$B$5:$N$207,COLUMN('2026年度(M1後期)'!$C$5),0)&"" | O53: =VLOOKUP($C52,'2026年度(M2後期)'!$B$5:$N$207,COLUMN('2026年度(M2後期)'!$C$5),0)&"" | Q53: =VLOOKUP($C52,'2026年度(D1後期)'!$B$5:$N$207,COLUMN('2026年度(D1後期)'!$C$5),0)&"" | S53: =VLOOKUP($C52,'2026年度(D23後期)'!$B$5:$N$207,COLUMN('2026年度(D23後期)'!$C$5),0)&"" | Z53: =A53 -> １時限（09：20～10：50）
B54: 教 官 | C54: =IFERROR(VLOOKUP(C53,科目・教員!$A$2:$B$342,2,0),"") | E54: =IFERROR(VLOOKUP(E53,科目・教員!$A$2:$B$342,2,0),"") | G54: =IFERROR(VLOOKUP(G53,科目・教員!$A$2:$B$342,2,0),"") | I54: =IFERROR(VLOOKUP(I53,科目・教員!$A$2:$B$342,2,0),"") | K54: =IFERROR(VLOOKUP(K53,科目・教員!$A$2:$B$342,2,0),"") | M54: =IFERROR(VLOOKUP(M53,科目・教員!$A$2:$B$342,2,0),"") | O54: =IFERROR(VLOOKUP(O53,科目・教員!$A$2:$B$342,2,0),"") | Q54: =IFERROR(VLOOKUP(Q53,科目・教員!$A$2:$B$342,2,0),"") | S54: =IFERROR(VLOOKUP(S53,科目・教員!$A$2:$B$342,2,0),"")
B55: 使用教室 | C55: =VLOOKUP($C52,'2026年度(1年後期)'!$B$5:$N$207,COLUMN('2026年度(1年後期)'!$C$5)+1,0)&"" | E55: =VLOOKUP($C52,'2026年度(2年後期)'!$B$5:$N$207,COLUMN('2026年度(2年後期)'!$C$5)+1,0)&"" | G55: =VLOOKUP($C52,'2026年度(3年後期)'!$B$5:$N$207,COLUMN('2026年度(3年後期)'!$C$5)+1,0)&"" | I55: =VLOOKUP($C52,'2026年度(4年後期)'!$B$5:$N$206,COLUMN('2026年度(4年後期)'!$C$5)+1,0)&"" | K55: =VLOOKUP($C52,'2026年度(助産後期)'!$B$5:$N$207,COLUMN('2026年度(助産後期)'!$C$5)+1,0)&"" | M55: =VLOOKUP($C52,'2026年度(M1後期)'!$B$5:$N$207,COLUMN('2026年度(M1後期)'!$C$5)+1,0)&"" | O55: =VLOOKUP($C52,'2026年度(M2後期)'!$B$5:$N$207,COLUMN('2026年度(M2後期)'!$C$5)+1,0)&"" | Q55: =VLOOKUP($C52,'2026年度(D1後期)'!$B$5:$N$207,COLUMN('2026年度(D1後期)'!$C$5)+1,0)&"" | S55: =VLOOKUP($C52,'2026年度(D23後期)'!$B$5:$N$207,COLUMN('2026年度(D23後期)'!$C$5)+1,0)&""
B56: 備 考
A57: ２時限（11：00～12：30） | B57: 科目名 | C57: =VLOOKUP($C52,'2026年度(1年後期)'!$B$5:$N$207,COLUMN('2026年度(1年後期)'!$E$5),0)&"" | E57: =VLOOKUP($C52,'2026年度(2年後期)'!$B$5:$N$207,COLUMN('2026年度(2年後期)'!$E$5),0)&"" | G57: =VLOOKUP($C52,'2026年度(3年後期)'!$B$5:$N$207,COLUMN('2026年度(3年後期)'!$E$5),0)&"" | I57: =VLOOKUP($C52,'2026年度(4年後期)'!$B$5:$N$206,COLUMN('2026年度(4年後期)'!$E$5),0)&"" | K57: =VLOOKUP($C52,'2026年度(助産後期)'!$B$5:$N$207,COLUMN('2026年度(助産後期)'!$E$5),0)&"" | M57: =VLOOKUP($C52,'2026年度(M1後期)'!$B$5:$N$207,COLUMN('2026年度(M1後期)'!$E$5),0)&"" | O57: =VLOOKUP($C52,'2026年度(M2後期)'!$B$5:$N$207,COLUMN('2026年度(M2後期)'!$E$5),0)&"" | Q57: =VLOOKUP($C52,'2026年度(D1後期)'!$B$5:$N$207,COLUMN('2026年度(D1後期)'!$E$5),0)&"" | S57: =VLOOKUP($C52,'2026年度(D23後期)'!$B$5:$N$207,COLUMN('2026年度(D23後期)'!$E$5),0)&"" | Z57: =A57 -> ２時限（11：00～12：30）
B58: 教 官 | C58: =IFERROR(VLOOKUP(C57,科目・教員!$A$2:$B$342,2,0),"") | E58: =IFERROR(VLOOKUP(E57,科目・教員!$A$2:$B$342,2,0),"") | G58: =IFERROR(VLOOKUP(G57,科目・教員!$A$2:$B$342,2,0),"") | I58: =IFERROR(VLOOKUP(I57,科目・教員!$A$2:$B$342,2,0),"") | K58: =IFERROR(VLOOKUP(K57,科目・教員!$A$2:$B$342,2,0),"") | M58: =IFERROR(VLOOKUP(M57,科目・教員!$A$2:$B$342,2,0),"") | O58: =IFERROR(VLOOKUP(O57,科目・教員!$A$2:$B$342,2,0),"") | Q58: =IFERROR(VLOOKUP(Q57,科目・教員!$A$2:$B$342,2,0),"") | S58: =IFERROR(VLOOKUP(S57,科目・教員!$A$2:$B$342,2,0),"")
B59: 使用教室 | C59: =VLOOKUP($C52,'2026年度(1年後期)'!$B$5:$N$207,COLUMN('2026年度(1年後期)'!$E$5)+1,0)&"" | E59: =VLOOKUP($C52,'2026年度(2年後期)'!$B$5:$N$207,COLUMN('2026年度(2年後期)'!$E$5)+1,0)&"" | G59: =VLOOKUP($C52,'2026年度(3年後期)'!$B$5:$N$207,COLUMN('2026年度(3年後期)'!$E$5)+1,0)&"" | I59: =VLOOKUP($C52,'2026年度(4年後期)'!$B$5:$N$206,COLUMN('2026年度(4年後期)'!$E$5)+1,0)&"" | K59: =VLOOKUP($C52,'2026年度(助産後期)'!$B$5:$N$207,COLUMN('2026年度(助産後期)'!$E$5)+1,0)&"" | M59: =VLOOKUP($C52,'2026年度(M1後期)'!$B$5:$N$207,COLUMN('2026年度(M1後期)'!$E$5)+1,0)&"" | O59: =VLOOKUP($C52,'2026年度(M2後期)'!$B$5:$N$207,COLUMN('2026年度(M2後期)'!$E$5)+1,0)&"" | Q59: =VLOOKUP($C52,'2026年度(D1後期)'!$B$5:$N$207,COLUMN('2026年度(D1後期)'!$E$5)+1,0)&"" | S59: =VLOOKUP($C52,'2026年度(D23後期)'!$B$5:$N$207,COLUMN('2026年度(D23後期)'!$E$5)+1,0)&""
B60: 備 考
A61: 昼休み（12：30～13：30） | B61: 活動名 | Z61: =A61 -> 昼休み（12：30～13：30）
B62: 責任者
B63: 使用教室
B64: 備 考
A65: ３時限（13：30～15：00） | B65: 科目名 | C65: =VLOOKUP($C52,'2026年度(1年後期)'!$B$5:$N$207,COLUMN('2026年度(1年後期)'!$G$5),0)&"" | E65: =VLOOKUP($C52,'2026年度(2年後期)'!$B$5:$N$207,COLUMN('2026年度(2年後期)'!$G$5),0)&"" | G65: =VLOOKUP($C52,'2026年度(3年後期)'!$B$5:$N$207,COLUMN('2026年度(3年後期)'!$G$5),0)&"" | I65: =VLOOKUP($C52,'2026年度(4年後期)'!$B$5:$N$206,COLUMN('2026年度(4年後期)'!$G$5),0)&"" | K65: =VLOOKUP($C52,'2026年度(助産後期)'!$B$5:$N$207,COLUMN('2026年度(助産後期)'!$G$5),0)&"" | M65: =VLOOKUP($C52,'2026年度(M1後期)'!$B$5:$N$207,COLUMN('2026年度(M1後期)'!$G$5),0)&"" | O65: =VLOOKUP($C52,'2026年度(M2後期)'!$B$5:$N$207,COLUMN('2026年度(M2後期)'!$G$5),0)&"" | Q65: =VLOOKUP($C52,'2026年度(D1後期)'!$B$5:$N$207,COLUMN('2026年度(D1後期)'!$G$5),0)&"" | S65: =VLOOKUP($C52,'2026年度(D23後期)'!$B$5:$N$207,COLUMN('2026年度(D23後期)'!$G$5),0)&"" | Z65: =A65 -> ３時限（13：30～15：00）
B66: 教 官 | C66: =IFERROR(VLOOKUP(C65,科目・教員!$A$2:$B$342,2,0),"") | E66: =IFERROR(VLOOKUP(E65,科目・教員!$A$2:$B$342,2,0),"") | G66: =IFERROR(VLOOKUP(G65,科目・教員!$A$2:$B$342,2,0),"") | I66: =IFERROR(VLOOKUP(I65,科目・教員!$A$2:$B$342,2,0),"") | K66: =IFERROR(VLOOKUP(K65,科目・教員!$A$2:$B$342,2,0),"") | M66: =IFERROR(VLOOKUP(M65,科目・教員!$A$2:$B$342,2,0),"") | O66: =IFERROR(VLOOKUP(O65,科目・教員!$A$2:$B$342,2,0),"") | Q66: =IFERROR(VLOOKUP(Q65,科目・教員!$A$2:$B$342,2,0),"") | S66: =IFERROR(VLOOKUP(S65,科目・教員!$A$2:$B$342,2,0),"")
B67: 使用教室 | C67: =VLOOKUP($C52,'2026年度(1年後期)'!$B$5:$N$207,COLUMN('2026年度(1年後期)'!$G$5)+1,0)&"" | E67: =VLOOKUP($C52,'2026年度(2年後期)'!$B$5:$N$207,COLUMN('2026年度(2年後期)'!$G$5)+1,0)&"" | G67: =VLOOKUP($C52,'2026年度(3年後期)'!$B$5:$N$207,COLUMN('2026年度(3年後期)'!$G$5)+1,0)&"" | I67: =VLOOKUP($C52,'2026年度(4年後期)'!$B$5:$N$206,COLUMN('2026年度(4年後期)'!$G$5)+1,0)&"" | K67: =VLOOKUP($C52,'2026年度(助産後期)'!$B$5:$N$207,COLUMN('2026年度(助産後期)'!$G$5)+1,0)&"" | M67: =VLOOKUP($C52,'2026年度(M1後期)'!$B$5:$N$207,COLUMN('2026年度(M1後期)'!$G$5)+1,0)&"" | O67: =VLOOKUP($C52,'2026年度(M2後期)'!$B$5:$N$207,COLUMN('2026年度(M2後期)'!$G$5)+1,0)&"" | Q67: =VLOOKUP($C52,'2026年度(D1後期)'!$B$5:$N$207,COLUMN('2026年度(D1後期)'!$G$5)+1,0)&"" | S67: =VLOOKUP($C52,'2026年度(D23後期)'!$B$5:$N$207,COLUMN('2026年度(D23後期)'!$G$5)+1,0)&""
B68: 備 考
A69: ４時限（15：10～16：40） | B69: 科目名 | C69: =VLOOKUP($C52,'2026年度(1年後期)'!$B$5:$N$207,COLUMN('2026年度(1年後期)'!$I$5),0)&"" | E69: =VLOOKUP($C52,'2026年度(2年後期)'!$B$5:$N$207,COLUMN('2026年度(2年後期)'!$I$5),0)&"" | G69: =VLOOKUP($C52,'2026年度(3年後期)'!$B$5:$N$207,COLUMN('2026年度(3年後期)'!$I$5),0)&"" | I69: =VLOOKUP($C52,'2026年度(4年後期)'!$B$5:$N$206,COLUMN('2026年度(4年後期)'!$I$5),0)&"" | K69: =VLOOKUP($C52,'2026年度(助産後期)'!$B$5:$N$207,COLUMN('2026年度(助産後期)'!$I$5),0)&"" | M69: =VLOOKUP($C52,'2026年度(M1後期)'!$B$5:$N$207,COLUMN('2026年度(M1後期)'!$I$5),0)&"" | O69: =VLOOKUP($C52,'2026年度(M2後期)'!$B$5:$N$207,COLUMN('2026年度(M2後期)'!$I$5),0)&"" | Q69: =VLOOKUP($C52,'2026年度(D1後期)'!$B$5:$N$207,COLUMN('2026年度(D1後期)'!$I$5),0)&"" | S69: =VLOOKUP($C52,'2026年度(D23後期)'!$B$5:$N$207,COLUMN('2026年度(D23後期)'!$I$5),0)&"" | Z69: =A69 -> ４時限（15：10～16：40）
B70: 教 官 | C70: =IFERROR(VLOOKUP(C69,科目・教員!$A$2:$B$342,2,0),"") | E70: =IFERROR(VLOOKUP(E69,科目・教員!$A$2:$B$342,2,0),"") | G70: =IFERROR(VLOOKUP(G69,科目・教員!$A$2:$B$342,2,0),"") | I70: =IFERROR(VLOOKUP(I69,科目・教員!$A$2:$B$342,2,0),"") | K70: =IFERROR(VLOOKUP(K69,科目・教員!$A$2:$B$342,2,0),"") | M70: =IFERROR(VLOOKUP(M69,科目・教員!$A$2:$B$342,2,0),"") | O70: =IFERROR(VLOOKUP(O69,科目・教員!$A$2:$B$342,2,0),"") | Q70: =IFERROR(VLOOKUP(Q69,科目・教員!$A$2:$B$342,2,0),"") | S70: =IFERROR(VLOOKUP(S69,科目・教員!$A$2:$B$342,2,0),"")
B71: 使用教室 | C71: =VLOOKUP($C52,'2026年度(1年後期)'!$B$5:$N$207,COLUMN('2026年度(1年後期)'!$I$5)+1,0)&"" | E71: =VLOOKUP($C52,'2026年度(2年後期)'!$B$5:$N$207,COLUMN('2026年度(2年後期)'!$I$5)+1,0)&"" | G71: =VLOOKUP($C52,'2026年度(3年後期)'!$B$5:$N$207,COLUMN('2026年度(3年後期)'!$I$5)+1,0)&"" | I71: =VLOOKUP($C52,'2026年度(4年後期)'!$B$5:$N$206,COLUMN('2026年度(4年後期)'!$I$5)+1,0)&"" | K71: =VLOOKUP($C52,'2026年度(助産後期)'!$B$5:$N$207,COLUMN('2026年度(助産後期)'!$I$5)+1,0)&"" | M71: =VLOOKUP($C52,'2026年度(M1後期)'!$B$5:$N$207,COLUMN('2026年度(M1後期)'!$I$5)+1,0)&"" | O71: =VLOOKUP($C52,'2026年度(M2後期)'!$B$5:$N$207,COLUMN('2026年度(M2後期)'!$I$5)+1,0)&"" | Q71: =VLOOKUP($C52,'2026年度(D1後期)'!$B$5:$N$207,COLUMN('2026年度(D1後期)'!$I$5)+1,0)&"" | S71: =VLOOKUP($C52,'2026年度(D23後期)'!$B$5:$N$207,COLUMN('2026年度(D23後期)'!$I$5)+1,0)&""
B72: 備 考
A73: ５時限（16：50～18：20） | B73: 科目名 | C73: =VLOOKUP($C52,'2026年度(1年後期)'!$B$5:$N$207,COLUMN('2026年度(1年後期)'!$K$5),0)&"" | E73: =VLOOKUP($C52,'2026年度(2年後期)'!$B$5:$N$207,COLUMN('2026年度(2年後期)'!$K$5),0)&"" | G73: =VLOOKUP($C52,'2026年度(3年後期)'!$B$5:$N$207,COLUMN('2026年度(3年後期)'!$K$5),0)&"" | I73: =VLOOKUP($C52,'2026年度(4年後期)'!$B$5:$N$206,COLUMN('2026年度(4年後期)'!$K$5),0)&"" | K73: =VLOOKUP($C52,'2026年度(助産後期)'!$B$5:$N$207,COLUMN('2026年度(助産後期)'!$K$5),0)&"" | M73: =VLOOKUP($C52,'2026年度(M1後期)'!$B$5:$N$207,COLUMN('2026年度(M1後期)'!$K$5),0)&"" | O73: =VLOOKUP($C52,'2026年度(M2後期)'!$B$5:$N$207,COLUMN('2026年度(M2後期)'!$K$5),0)&"" | Q73: =VLOOKUP($C52,'2026年度(D1後期)'!$B$5:$N$207,COLUMN('2026年度(D1後期)'!$K$5),0)&"" | S73: =VLOOKUP($C52,'2026年度(D23後期)'!$B$5:$N$207,COLUMN('2026年度(D23後期)'!$K$5),0)&"" | Z73: =A73 -> ５時限（16：50～18：20）
B74: 教 官 | C74: =IFERROR(VLOOKUP(C73,科目・教員!$A$2:$B$342,2,0),"") | E74: =IFERROR(VLOOKUP(E73,科目・教員!$A$2:$B$342,2,0),"") | G74: =IFERROR(VLOOKUP(G73,科目・教員!$A$2:$B$342,2,0),"") | I74: =IFERROR(VLOOKUP(I73,科目・教員!$A$2:$B$342,2,0),"") | K74: =IFERROR(VLOOKUP(K73,科目・教員!$A$2:$B$342,2,0),"") | M74: =IFERROR(VLOOKUP(M73,科目・教員!$A$2:$B$342,2,0),"") | O74: =IFERROR(VLOOKUP(O73,科目・教員!$A$2:$B$342,2,0),"") | Q74: =IFERROR(VLOOKUP(Q73,科目・教員!$A$2:$B$342,2,0),"") | S74: =IFERROR(VLOOKUP(S73,科目・教員!$A$2:$B$342,2,0),"")
B75: 使用教室 | C75: =VLOOKUP($C52,'2026年度(1年後期)'!$B$5:$N$207,COLUMN('2026年度(1年後期)'!$K$5)+1,0)&"" | E75: =VLOOKUP($C52,'2026年度(2年後期)'!$B$5:$N$207,COLUMN('2026年度(2年後期)'!$K$5)+1,0)&"" | G75: =VLOOKUP($C52,'2026年度(3年後期)'!$B$5:$N$207,COLUMN('2026年度(3年後期)'!$K$5)+1,0)&"" | I75: =VLOOKUP($C52,'2026年度(4年後期)'!$B$5:$N$206,COLUMN('2026年度(4年後期)'!$K$5)+1,0)&"" | K75: =VLOOKUP($C52,'2026年度(助産後期)'!$B$5:$N$207,COLUMN('2026年度(助産後期)'!$K$5)+1,0)&"" | M75: =VLOOKUP($C52,'2026年度(M1後期)'!$B$5:$N$207,COLUMN('2026年度(M1後期)'!$K$5)+1,0)&"" | O75: =VLOOKUP($C52,'2026年度(M2後期)'!$B$5:$N$207,COLUMN('2026年度(M2後期)'!$K$5)+1,0)&"" | Q75: =VLOOKUP($C52,'2026年度(D1後期)'!$B$5:$N$207,COLUMN('2026年度(D1後期)'!$K$5)+1,0)&"" | S75: =VLOOKUP($C52,'2026年度(D23後期)'!$B$5:$N$207,COLUMN('2026年度(D23後期)'!$K$5)+1,0)&""
B76: 備 考
C77: =C52+1 -> 46330 | U77: =C77 -> 46330 | AA77: 101 | AB77: 102 | AC77: 103 | AD77: 在宅実習室 | AE77: 成人実習室 | AF77: 講堂 | AG77: 201 | AH77: 202 | AI77: 203 | AJ77: 204 | AK77: 205 | AL77: 基礎実習室 | AM77: 母性・小児実習室 | AN77: 演習21 | AO77: 演習22 | AP77: 演習23 | AQ77: 演習24 | AR77: 演習25 | AS77: 演習26 | AT77: 演習27 | AU77: 演習28 | AV77: 演習29 | AW77: 301 | AX77: 302 | AY77: 303 | AZ77: 304 | BA77: 臨床１ | BB77: 臨床２ | BC77: LL1 | BD77: LL2 | BE77: 実験室 | BF77: 情報処理室 | BG77: 演習31 | BH77: 演習32 | BI77: セミナー室１ | BJ77: セミナー室２ | BK77: セミナー室3 | BL77: セミナー室4 | BM77: セミナー室5 | BN77: 大講義室 | BO77: アリーナ | BP77: 研修１ | BQ77: 研修３ | BR77: 研修４ | BS77: 研修５ | BT77: 研修６ | BU77: 研修７ | BV77: 視聴覚室
A78: １時限（09：20～10：50） | B78: 科目名 | C78: =VLOOKUP($C77,'2026年度(1年後期)'!$B$5:$N$207,COLUMN('2026年度(1年後期)'!$C$5),0)&"" -> 微生物と人間 | E78: =VLOOKUP($C77,'2026年度(2年後期)'!$B$5:$N$207,COLUMN('2026年度(2年後期)'!$C$5),0)&"" | G78: =VLOOKUP($C77,'2026年度(3年後期)'!$B$5:$N$207,COLUMN('2026年度(3年後期)'!$C$5),0)&"" -> 領域別実習 | I78: =VLOOKUP($C77,'2026年度(4年後期)'!$B$5:$N$206,COLUMN('2026年度(4年後期)'!$C$5),0)&"" -> 科学技術と医療 (石原先生) | K78: =VLOOKUP($C77,'2026年度(助産後期)'!$B$5:$N$207,COLUMN('2026年度(助産後期)'!$C$5),0)&"" -> 助産学実習Ⅰ(追実習) | M78: =VLOOKUP($C77,'2026年度(M1後期)'!$B$5:$N$207,COLUMN('2026年度(M1後期)'!$C$5),0)&"" -> 看護情報・管理学演習A-Ⅰ 成育看護学演習A-Ⅳ（母性） | O78: =VLOOKUP($C77,'2026年度(M2後期)'!$B$5:$N$207,COLUMN('2026年度(M2後期)'!$C$5),0)&"" -> 特別研究 | Q78: =VLOOKUP($C77,'2026年度(D1後期)'!$B$5:$N$207,COLUMN('2026年度(D1後期)'!$C$5),0)&"" | S78: =VLOOKUP($C77,'2026年度(D23後期)'!$B$5:$N$207,COLUMN('2026年度(D23後期)'!$C$5),0)&"" -> 特別研究 | V78: ９：0０～17：00 | Z78: =A78 -> １時限（09：20～10：50） | AA78: 微生物と人間 | AM78: 母性看護学実習（自主練） | AW78: 科学技術と医療
B79: 教 官 | C79: =IFERROR(VLOOKUP(C78,科目・教員!$A$2:$B$342,2,0),"") -> 森 那美子 | E79: =IFERROR(VLOOKUP(E78,科目・教員!$A$2:$B$342,2,0),"") | G79: =IFERROR(VLOOKUP(G78,科目・教員!$A$2:$B$342,2,0),"") | I79: =IFERROR(VLOOKUP(I78,科目・教員!$A$2:$B$342,2,0),"") | K79: =IFERROR(VLOOKUP(K78,科目・教員!$A$2:$B$342,2,0),"") | M79: =IFERROR(VLOOKUP(M78,科目・教員!$A$2:$B$342,2,0),"") | O79: =IFERROR(VLOOKUP(O78,科目・教員!$A$2:$B$342,2,0),"") | Q79: =IFERROR(VLOOKUP(Q78,科目・教員!$A$2:$B$342,2,0),"") | S79: =IFERROR(VLOOKUP(S78,科目・教員!$A$2:$B$342,2,0),"") | V79: 母性看護学実習（自主練）
B80: 使用教室 | C80: =VLOOKUP($C77,'2026年度(1年後期)'!$B$5:$N$207,COLUMN('2026年度(1年後期)'!$C$5)+1,0)&"" -> 101 | E80: =VLOOKUP($C77,'2026年度(2年後期)'!$B$5:$N$207,COLUMN('2026年度(2年後期)'!$C$5)+1,0)&"" | G80: =VLOOKUP($C77,'2026年度(3年後期)'!$B$5:$N$207,COLUMN('2026年度(3年後期)'!$C$5)+1,0)&"" | I80: =VLOOKUP($C77,'2026年度(4年後期)'!$B$5:$N$206,COLUMN('2026年度(4年後期)'!$C$5)+1,0)&"" -> 301(対面orリアタイ) | K80: =VLOOKUP($C77,'2026年度(助産後期)'!$B$5:$N$207,COLUMN('2026年度(助産後期)'!$C$5)+1,0)&"" | M80: =VLOOKUP($C77,'2026年度(M1後期)'!$B$5:$N$207,COLUMN('2026年度(M1後期)'!$C$5)+1,0)&"" | O80: =VLOOKUP($C77,'2026年度(M2後期)'!$B$5:$N$207,COLUMN('2026年度(M2後期)'!$C$5)+1,0)&"" | Q80: =VLOOKUP($C77,'2026年度(D1後期)'!$B$5:$N$207,COLUMN('2026年度(D1後期)'!$C$5)+1,0)&"" | S80: =VLOOKUP($C77,'2026年度(D23後期)'!$B$5:$N$207,COLUMN('2026年度(D23後期)'!$C$5)+1,0)&"" | V80: 齋藤先生
B81: 備 考 | I81: 非常勤講師控室C | V81: 母性小児看護実習室
A82: ２時限（11：00～12：30） | B82: 科目名 | C82: =VLOOKUP($C77,'2026年度(1年後期)'!$B$5:$N$207,COLUMN('2026年度(1年後期)'!$E$5),0)&"" -> 疾病・病態論Ⅰ | E82: =VLOOKUP($C77,'2026年度(2年後期)'!$B$5:$N$207,COLUMN('2026年度(2年後期)'!$E$5),0)&"" -> 小児看護援助論Ⅰ | G82: =VLOOKUP($C77,'2026年度(3年後期)'!$B$5:$N$207,COLUMN('2026年度(3年後期)'!$E$5),0)&"" -> 領域別実習 | I82: =VLOOKUP($C77,'2026年度(4年後期)'!$B$5:$N$206,COLUMN('2026年度(4年後期)'!$E$5),0)&"" | K82: =VLOOKUP($C77,'2026年度(助産後期)'!$B$5:$N$207,COLUMN('2026年度(助産後期)'!$E$5),0)&"" -> 助産学実習Ⅰ(追実習) | M82: =VLOOKUP($C77,'2026年度(M1後期)'!$B$5:$N$207,COLUMN('2026年度(M1後期)'!$E$5),0)&"" -> 看護情報・管理学演習A-Ⅰ 成育看護学演習A-Ⅳ（母性） | O82: =VLOOKUP($C77,'2026年度(M2後期)'!$B$5:$N$207,COLUMN('2026年度(M2後期)'!$E$5),0)&"" -> 特別研究 | Q82: =VLOOKUP($C77,'2026年度(D1後期)'!$B$5:$N$207,COLUMN('2026年度(D1後期)'!$E$5),0)&"" | S82: =VLOOKUP($C77,'2026年度(D23後期)'!$B$5:$N$207,COLUMN('2026年度(D23後期)'!$E$5),0)&"" -> 特別研究 | Z82: =A82 -> ２時限（11：00～12：30） | AA82: 疾病･病態論Ⅰ | AG82: 小児看護援助論Ⅰ | AM82: 母性看護学実習（自主練）
B83: 教 官 | C83: =IFERROR(VLOOKUP(C82,科目・教員!$A$2:$B$342,2,0),"") -> 水野 正之 | E83: =IFERROR(VLOOKUP(E82,科目・教員!$A$2:$B$342,2,0),"") -> 遠藤 数江 | G83: =IFERROR(VLOOKUP(G82,科目・教員!$A$2:$B$342,2,0),"") | I83: =IFERROR(VLOOKUP(I82,科目・教員!$A$2:$B$342,2,0),"") | K83: =IFERROR(VLOOKUP(K82,科目・教員!$A$2:$B$342,2,0),"") | M83: =IFERROR(VLOOKUP(M82,科目・教員!$A$2:$B$342,2,0),"") | O83: =IFERROR(VLOOKUP(O82,科目・教員!$A$2:$B$342,2,0),"") | Q83: =IFERROR(VLOOKUP(Q82,科目・教員!$A$2:$B$342,2,0),"") | S83: =IFERROR(VLOOKUP(S82,科目・教員!$A$2:$B$342,2,0),"")
B84: 使用教室 | C84: =VLOOKUP($C77,'2026年度(1年後期)'!$B$5:$N$207,COLUMN('2026年度(1年後期)'!$E$5)+1,0)&"" -> 101 | E84: =VLOOKUP($C77,'2026年度(2年後期)'!$B$5:$N$207,COLUMN('2026年度(2年後期)'!$E$5)+1,0)&"" -> 201 | G84: =VLOOKUP($C77,'2026年度(3年後期)'!$B$5:$N$207,COLUMN('2026年度(3年後期)'!$E$5)+1,0)&"" | I84: =VLOOKUP($C77,'2026年度(4年後期)'!$B$5:$N$206,COLUMN('2026年度(4年後期)'!$E$5)+1,0)&"" | K84: =VLOOKUP($C77,'2026年度(助産後期)'!$B$5:$N$207,COLUMN('2026年度(助産後期)'!$E$5)+1,0)&"" | M84: =VLOOKUP($C77,'2026年度(M1後期)'!$B$5:$N$207,COLUMN('2026年度(M1後期)'!$E$5)+1,0)&"" | O84: =VLOOKUP($C77,'2026年度(M2後期)'!$B$5:$N$207,COLUMN('2026年度(M2後期)'!$E$5)+1,0)&"" | Q84: =VLOOKUP($C77,'2026年度(D1後期)'!$B$5:$N$207,COLUMN('2026年度(D1後期)'!$E$5)+1,0)&"" | S84: =VLOOKUP($C77,'2026年度(D23後期)'!$B$5:$N$207,COLUMN('2026年度(D23後期)'!$E$5)+1,0)&""
B85: 備 考
A86: 昼休み（12：30～13：30） | B86: 活動名 | Z86: =A86 -> 昼休み（12：30～13：30） | AM86: 母性看護学実習（自主練）
B87: 責任者
B88: 使用教室
B89: 備 考
A90: ３時限（13：30～15：00） | B90: 科目名 | C90: =VLOOKUP($C77,'2026年度(1年後期)'!$B$5:$N$207,COLUMN('2026年度(1年後期)'!$G$5),0)&"" -> 人体の構造と機能Ⅲ | E90: =VLOOKUP($C77,'2026年度(2年後期)'!$B$5:$N$207,COLUMN('2026年度(2年後期)'!$G$5),0)&"" -> 老年看護学概論 | G90: =VLOOKUP($C77,'2026年度(3年後期)'!$B$5:$N$207,COLUMN('2026年度(3年後期)'!$G$5),0)&"" -> 領域別実習 | I90: =VLOOKUP($C77,'2026年度(4年後期)'!$B$5:$N$206,COLUMN('2026年度(4年後期)'!$G$5),0)&"" | K90: =VLOOKUP($C77,'2026年度(助産後期)'!$B$5:$N$207,COLUMN('2026年度(助産後期)'!$G$5),0)&"" -> 助産学実習Ⅰ(追実習) | M90: =VLOOKUP($C77,'2026年度(M1後期)'!$B$5:$N$207,COLUMN('2026年度(M1後期)'!$G$5),0)&"" -> 成人看護学演習A-Ⅰ | O90: =VLOOKUP($C77,'2026年度(M2後期)'!$B$5:$N$207,COLUMN('2026年度(M2後期)'!$G$5),0)&"" -> 特別研究 | Q90: =VLOOKUP($C77,'2026年度(D1後期)'!$B$5:$N$207,COLUMN('2026年度(D1後期)'!$G$5),0)&"" | S90: =VLOOKUP($C77,'2026年度(D23後期)'!$B$5:$N$207,COLUMN('2026年度(D23後期)'!$G$5),0)&"" -> 特別研究 | Z90: =A90 -> ３時限（13：30～15：00） | AA90: 人体の構造と機能Ⅲ | AG90: 老年看護学概論 | AM90: 母性看護学実習（自主練）
B91: 教 官 | C91: =IFERROR(VLOOKUP(C90,科目・教員!$A$2:$B$342,2,0),"") -> 本間 典子 | E91: =IFERROR(VLOOKUP(E90,科目・教員!$A$2:$B$342,2,0),"") -> 綿貫 成明 | G91: =IFERROR(VLOOKUP(G90,科目・教員!$A$2:$B$342,2,0),"") | I91: =IFERROR(VLOOKUP(I90,科目・教員!$A$2:$B$342,2,0),"") | K91: =IFERROR(VLOOKUP(K90,科目・教員!$A$2:$B$342,2,0),"") | M91: =IFERROR(VLOOKUP(M90,科目・教員!$A$2:$B$342,2,0),"") | O91: =IFERROR(VLOOKUP(O90,科目・教員!$A$2:$B$342,2,0),"") | Q91: =IFERROR(VLOOKUP(Q90,科目・教員!$A$2:$B$342,2,0),"") | S91: =IFERROR(VLOOKUP(S90,科目・教員!$A$2:$B$342,2,0),"")
B92: 使用教室 | C92: =VLOOKUP($C77,'2026年度(1年後期)'!$B$5:$N$207,COLUMN('2026年度(1年後期)'!$G$5)+1,0)&"" -> 101 | E92: =VLOOKUP($C77,'2026年度(2年後期)'!$B$5:$N$207,COLUMN('2026年度(2年後期)'!$G$5)+1,0)&"" -> 201 | G92: =VLOOKUP($C77,'2026年度(3年後期)'!$B$5:$N$207,COLUMN('2026年度(3年後期)'!$G$5)+1,0)&"" | I92: =VLOOKUP($C77,'2026年度(4年後期)'!$B$5:$N$206,COLUMN('2026年度(4年後期)'!$G$5)+1,0)&"" | K92: =VLOOKUP($C77,'2026年度(助産後期)'!$B$5:$N$207,COLUMN('2026年度(助産後期)'!$G$5)+1,0)&"" | M92: =VLOOKUP($C77,'2026年度(M1後期)'!$B$5:$N$207,COLUMN('2026年度(M1後期)'!$G$5)+1,0)&"" | O92: =VLOOKUP($C77,'2026年度(M2後期)'!$B$5:$N$207,COLUMN('2026年度(M2後期)'!$G$5)+1,0)&"" | Q92: =VLOOKUP($C77,'2026年度(D1後期)'!$B$5:$N$207,COLUMN('2026年度(D1後期)'!$G$5)+1,0)&"" | S92: =VLOOKUP($C77,'2026年度(D23後期)'!$B$5:$N$207,COLUMN('2026年度(D23後期)'!$G$5)+1,0)&""
B93: 備 考
A94: ４時限（15：10～16：40） | B94: 科目名 | C94: =VLOOKUP($C77,'2026年度(1年後期)'!$B$5:$N$207,COLUMN('2026年度(1年後期)'!$I$5),0)&"" -> 中国語 | E94: =VLOOKUP($C77,'2026年度(2年後期)'!$B$5:$N$207,COLUMN('2026年度(2年後期)'!$I$5),0)&"" | G94: =VLOOKUP($C77,'2026年度(3年後期)'!$B$5:$N$207,COLUMN('2026年度(3年後期)'!$I$5),0)&"" -> 領域別実習 | I94: =VLOOKUP($C77,'2026年度(4年後期)'!$B$5:$N$206,COLUMN('2026年度(4年後期)'!$I$5),0)&"" | K94: =VLOOKUP($C77,'2026年度(助産後期)'!$B$5:$N$207,COLUMN('2026年度(助産後期)'!$I$5),0)&"" -> 助産学実習Ⅰ(追実習) | M94: =VLOOKUP($C77,'2026年度(M1後期)'!$B$5:$N$207,COLUMN('2026年度(M1後期)'!$I$5),0)&"" -> 成人看護学演習A-Ⅰ | O94: =VLOOKUP($C77,'2026年度(M2後期)'!$B$5:$N$207,COLUMN('2026年度(M2後期)'!$I$5),0)&"" -> 特別研究 | Q94: =VLOOKUP($C77,'2026年度(D1後期)'!$B$5:$N$207,COLUMN('2026年度(D1後期)'!$I$5),0)&"" | S94: =VLOOKUP($C77,'2026年度(D23後期)'!$B$5:$N$207,COLUMN('2026年度(D23後期)'!$I$5),0)&"" -> 特別研究 | U94: 4限 | Z94: =A94 -> ４時限（15：10～16：40） | AA94: 中国語 | AM94: 母性看護学実習（自主練） | AN94: 森下先生
B95: 教 官 | C95: =IFERROR(VLOOKUP(C94,科目・教員!$A$2:$B$342,2,0),"") -> 黄 馨逸 | E95: =IFERROR(VLOOKUP(E94,科目・教員!$A$2:$B$342,2,0),"") | G95: =IFERROR(VLOOKUP(G94,科目・教員!$A$2:$B$342,2,0),"") | I95: =IFERROR(VLOOKUP(I94,科目・教員!$A$2:$B$342,2,0),"") | K95: =IFERROR(VLOOKUP(K94,科目・教員!$A$2:$B$342,2,0),"") | M95: =IFERROR(VLOOKUP(M94,科目・教員!$A$2:$B$342,2,0),"") | O95: =IFERROR(VLOOKUP(O94,科目・教員!$A$2:$B$342,2,0),"") | Q95: =IFERROR(VLOOKUP(Q94,科目・教員!$A$2:$B$342,2,0),"") | S95: =IFERROR(VLOOKUP(S94,科目・教員!$A$2:$B$342,2,0),"") | U95: 基礎Ⅱ実習
B96: 使用教室 | C96: =VLOOKUP($C77,'2026年度(1年後期)'!$B$5:$N$207,COLUMN('2026年度(1年後期)'!$I$5)+1,0)&"" -> 101 | E96: =VLOOKUP($C77,'2026年度(2年後期)'!$B$5:$N$207,COLUMN('2026年度(2年後期)'!$I$5)+1,0)&"" | G96: =VLOOKUP($C77,'2026年度(3年後期)'!$B$5:$N$207,COLUMN('2026年度(3年後期)'!$I$5)+1,0)&"" | I96: =VLOOKUP($C77,'2026年度(4年後期)'!$B$5:$N$206,COLUMN('2026年度(4年後期)'!$I$5)+1,0)&"" | K96: =VLOOKUP($C77,'2026年度(助産後期)'!$B$5:$N$207,COLUMN('2026年度(助産後期)'!$I$5)+1,0)&"" | M96: =VLOOKUP($C77,'2026年度(M1後期)'!$B$5:$N$207,COLUMN('2026年度(M1後期)'!$I$5)+1,0)&"" | O96: =VLOOKUP($C77,'2026年度(M2後期)'!$B$5:$N$207,COLUMN('2026年度(M2後期)'!$I$5)+1,0)&"" | Q96: =VLOOKUP($C77,'2026年度(D1後期)'!$B$5:$N$207,COLUMN('2026年度(D1後期)'!$I$5)+1,0)&"" | S96: =VLOOKUP($C77,'2026年度(D23後期)'!$B$5:$N$207,COLUMN('2026年度(D23後期)'!$I$5)+1,0)&"" | U96: 森下先生
B97: 備 考 | C97: 非常勤講師控室B | U97: 演習21
A98: ５時限（16：50～18：20） | B98: 科目名 | C98: =VLOOKUP($C77,'2026年度(1年後期)'!$B$5:$N$207,COLUMN('2026年度(1年後期)'!$K$5),0)&"" -> 中国語 | E98: =VLOOKUP($C77,'2026年度(2年後期)'!$B$5:$N$207,COLUMN('2026年度(2年後期)'!$K$5),0)&"" | G98: =VLOOKUP($C77,'2026年度(3年後期)'!$B$5:$N$207,COLUMN('2026年度(3年後期)'!$K$5),0)&"" | I98: =VLOOKUP($C77,'2026年度(4年後期)'!$B$5:$N$206,COLUMN('2026年度(4年後期)'!$K$5),0)&"" | K98: =VLOOKUP($C77,'2026年度(助産後期)'!$B$5:$N$207,COLUMN('2026年度(助産後期)'!$K$5),0)&"" | M98: =VLOOKUP($C77,'2026年度(M1後期)'!$B$5:$N$207,COLUMN('2026年度(M1後期)'!$K$5),0)&"" | O98: =VLOOKUP($C77,'2026年度(M2後期)'!$B$5:$N$207,COLUMN('2026年度(M2後期)'!$K$5),0)&"" | Q98: =VLOOKUP($C77,'2026年度(D1後期)'!$B$5:$N$207,COLUMN('2026年度(D1後期)'!$K$5),0)&"" | S98: =VLOOKUP($C77,'2026年度(D23後期)'!$B$5:$N$207,COLUMN('2026年度(D23後期)'!$K$5),0)&"" | Z98: =A98 -> ５時限（16：50～18：20） | AA98: 中国語 | AM98: 母性看護学実習（自主練）
B99: 教 官 | C99: =IFERROR(VLOOKUP(C98,科目・教員!$A$2:$B$342,2,0),"") -> 黄 馨逸 | E99: =IFERROR(VLOOKUP(E98,科目・教員!$A$2:$B$342,2,0),"") | G99: =IFERROR(VLOOKUP(G98,科目・教員!$A$2:$B$342,2,0),"") | I99: =IFERROR(VLOOKUP(I98,科目・教員!$A$2:$B$342,2,0),"") | K99: =IFERROR(VLOOKUP(K98,科目・教員!$A$2:$B$342,2,0),"") | M99: =IFERROR(VLOOKUP(M98,科目・教員!$A$2:$B$342,2,0),"") | O99: =IFERROR(VLOOKUP(O98,科目・教員!$A$2:$B$342,2,0),"") | Q99: =IFERROR(VLOOKUP(Q98,科目・教員!$A$2:$B$342,2,0),"") | S99: =IFERROR(VLOOKUP(S98,科目・教員!$A$2:$B$342,2,0),"")
B100: 使用教室 | C100: =VLOOKUP($C77,'2026年度(1年後期)'!$B$5:$N$207,COLUMN('2026年度(1年後期)'!$K$5)+1,0)&"" -> 101 | E100: =VLOOKUP($C77,'2026年度(2年後期)'!$B$5:$N$207,COLUMN('2026年度(2年後期)'!$K$5)+1,0)&"" | G100: =VLOOKUP($C77,'2026年度(3年後期)'!$B$5:$N$207,COLUMN('2026年度(3年後期)'!$K$5)+1,0)&"" | I100: =VLOOKUP($C77,'2026年度(4年後期)'!$B$5:$N$206,COLUMN('2026年度(4年後期)'!$K$5)+1,0)&"" | K100: =VLOOKUP($C77,'2026年度(助産後期)'!$B$5:$N$207,COLUMN('2026年度(助産後期)'!$K$5)+1,0)&"" | M100: =VLOOKUP($C77,'2026年度(M1後期)'!$B$5:$N$207,COLUMN('2026年度(M1後期)'!$K$5)+1,0)&"" | O100: =VLOOKUP($C77,'2026年度(M2後期)'!$B$5:$N$207,COLUMN('2026年度(M2後期)'!$K$5)+1,0)&"" | Q100: =VLOOKUP($C77,'2026年度(D1後期)'!$B$5:$N$207,COLUMN('2026年度(D1後期)'!$K$5)+1,0)&"" | S100: =VLOOKUP($C77,'2026年度(D23後期)'!$B$5:$N$207,COLUMN('2026年度(D23後期)'!$K$5)+1,0)&""
...

Sheet 2026年12月
A1: 46357 | C1: １年 | E1: ２年 | G1: ３年 | I1: ４年 | K1: 助産 | M1: 研究課程部 Ｍ１ | O1: 研究課程部 Ｍ２ | Q1: 研究課程部 Ｄ１ | S1: 研究課程部 Ｄ２３ | U1: =A1 -> 46357 | V1: 授業外その他教室等管理スケジュール | AA1: １階 | AG1: ２階 | AW1: ３階 | BI1: ４階 | BN1: 体育棟 | BP1: 研修棟
C2: =A1 -> 46357 | U2: =C2 -> 46357 | AA2: 101 | AB2: 102 | AC2: 103 | AD2: 在宅実習室 | AE2: 成人実習室 | AF2: 講堂 | AG2: 201 | AH2: 202 | AI2: 203 | AJ2: 204 | AK2: 205 | AL2: 基礎実習室 | AM2: 母性・小児実習室 | AN2: 演習21 | AO2: 演習22 | AP2: 演習23 | AQ2: 演習24 | AR2: 演習25 | AS2: 演習26 | AT2: 演習27 | AU2: 演習28 | AV2: 演習29 | AW2: 301 | AX2: 302 | AY2: 303 | AZ2: 304 | BA2: 臨床１ | BB2: 臨床２ | BC2: LL1 | BD2: LL2 | BE2: 実験室 | BF2: 情報処理室 | BG2: 演習31 | BH2: 演習32 | BI2: セミナー室１ | BJ2: セミナー室２ | BK2: セミナー室3 | BL2: セミナー室4 | BM2: セミナー室5 | BN2: 大講義室 | BO2: アリーナ | BP2: 研修１ | BQ2: 研修３ | BR2: 研修４ | BS2: 研修５ | BT2: 研修６ | BU2: 研修７ | BV2: 視聴覚室
A3: １時限（09：20～10：50） | B3: 科目名 | C3: =VLOOKUP($C2,'2026年度(1年後期)'!$B$5:$N$207,COLUMN('2026年度(1年後期)'!$C$5),0)&"" -> 日本人論 | E3: =VLOOKUP($C2,'2026年度(2年後期)'!$B$5:$N$207,COLUMN('2026年度(2年後期)'!$C$5),0)&"" -> 基礎看護学実習Ⅱ | G3: =VLOOKUP($C2,'2026年度(3年後期)'!$B$5:$N$207,COLUMN('2026年度(3年後期)'!$C$5),0)&"" -> 領域別実習 | I3: =VLOOKUP($C2,'2026年度(4年後期)'!$B$5:$N$206,COLUMN('2026年度(4年後期)'!$C$5),0)&"" -> 総合学習 | K3: =VLOOKUP($C2,'2026年度(助産後期)'!$B$5:$N$207,COLUMN('2026年度(助産後期)'!$C$5),0)&"" | M3: =VLOOKUP($C2,'2026年度(M1後期)'!$B$5:$N$207,COLUMN('2026年度(M1後期)'!$C$5),0)&"" -> 国際看護学演習A-Ⅰ 成育看護学演習A-Ⅰ・Ⅳ(小児) 感染症学特論 感染症学演習 精神看護学演習A-Ⅱ | O3: =VLOOKUP($C2,'2026年度(M2後期)'!$B$5:$N$207,COLUMN('2026年度(M2後期)'!$C$5),0)&"" -> 特別研究 | Q3: =VLOOKUP($C2,'2026年度(D1後期)'!$B$5:$N$207,COLUMN('2026年度(D1後期)'!$C$5),0)&"" -> 成育看護学演習Ｂ 感染管理看護学演習Ｂ 成人看護学演習Ｂ 国際看護学演習Ｂ | S3: =VLOOKUP($C2,'2026年度(D23後期)'!$B$5:$N$207,COLUMN('2026年度(D23後期)'!$C$5),0)&"" -> 特別研究 | U3: 1～4限 | Y3: 9：00～17：00 | Z3: =A3 -> １時限（09：20～10：50） | AA3: 日本人論 | AF3: 卒業記念パーティ演奏練習 | AG3: 母性看護学実習 | AM3: 母性看護学実習 | AW3: 成人看護学実習Ⅰ補習 | BB3: 精神看護学演習A－Ⅱ | BN3: 総合学習
B4: 教 官 | C4: =IFERROR(VLOOKUP(C3,科目・教員!$A$2:$B$342,2,0),"") -> 川出 龍一 | E4: =IFERROR(VLOOKUP(E3,科目・教員!$A$2:$B$342,2,0),"") -> 森下 純子 | G4: =IFERROR(VLOOKUP(G3,科目・教員!$A$2:$B$342,2,0),"") | I4: =IFERROR(VLOOKUP(I3,科目・教員!$A$2:$B$342,2,0),"") | K4: =IFERROR(VLOOKUP(K3,科目・教員!$A$2:$B$342,2,0),"") | M4: =IFERROR(VLOOKUP(M3,科目・教員!$A$2:$B$342,2,0),"") | O4: =IFERROR(VLOOKUP(O3,科目・教員!$A$2:$B$342,2,0),"") | Q4: =IFERROR(VLOOKUP(Q3,科目・教員!$A$2:$B$342,2,0),"") | S4: =IFERROR(VLOOKUP(S3,科目・教員!$A$2:$B$342,2,0),"") | U4: 成人看護学実習Ⅰ補習 | Y4: 卒業記念パーティ
B5: 使用教室 | C5: =VLOOKUP($C2,'2026年度(1年後期)'!$B$5:$N$207,COLUMN('2026年度(1年後期)'!$C$5)+1,0)&"" -> 101 | E5: =VLOOKUP($C2,'2026年度(2年後期)'!$B$5:$N$207,COLUMN('2026年度(2年後期)'!$C$5)+1,0)&"" | G5: =VLOOKUP($C2,'2026年度(3年後期)'!$B$5:$N$207,COLUMN('2026年度(3年後期)'!$C$5)+1,0)&"" -> 母性:201･母小実 | I5: =VLOOKUP($C2,'2026年度(4年後期)'!$B$5:$N$206,COLUMN('2026年度(4年後期)'!$C$5)+1,0)&"" -> 大講義室 | K5: =VLOOKUP($C2,'2026年度(助産後期)'!$B$5:$N$207,COLUMN('2026年度(助産後期)'!$C$5)+1,0)&"" | M5: =VLOOKUP($C2,'2026年度(M1後期)'!$B$5:$N$207,COLUMN('2026年度(M1後期)'!$C$5)+1,0)&"" -> 精神：臨床講義室２ | O5: =VLOOKUP($C2,'2026年度(M2後期)'!$B$5:$N$207,COLUMN('2026年度(M2後期)'!$C$5)+1,0)&"" | Q5: =VLOOKUP($C2,'2026年度(D1後期)'!$B$5:$N$207,COLUMN('2026年度(D1後期)'!$C$5)+1,0)&"" | S5: =VLOOKUP($C2,'2026年度(D23後期)'!$B$5:$N$207,COLUMN('2026年度(D23後期)'!$C$5)+1,0)&"" | U5: 301教室 | Y5: 演奏練習
B6: 備 考 | C6: 非常勤講師控室C | U6: 杉山先生 | Y6: 講堂
A7: ２時限（11：00～12：30） | B7: 科目名 | C7: =VLOOKUP($C2,'2026年度(1年後期)'!$B$5:$N$207,COLUMN('2026年度(1年後期)'!$E$5),0)&"" -> 知の探求 | E7: =VLOOKUP($C2,'2026年度(2年後期)'!$B$5:$N$207,COLUMN('2026年度(2年後期)'!$E$5),0)&"" -> 基礎看護学実習Ⅱ | G7: =VLOOKUP($C2,'2026年度(3年後期)'!$B$5:$N$207,COLUMN('2026年度(3年後期)'!$E$5),0)&"" -> 領域別実習 | I7: =VLOOKUP($C2,'2026年度(4年後期)'!$B$5:$N$206,COLUMN('2026年度(4年後期)'!$E$5),0)&"" -> 総合学習 | K7: =VLOOKUP($C2,'2026年度(助産後期)'!$B$5:$N$207,COLUMN('2026年度(助産後期)'!$E$5),0)&"" | M7: =VLOOKUP($C2,'2026年度(M1後期)'!$B$5:$N$207,COLUMN('2026年度(M1後期)'!$E$5),0)&"" -> 国際看護学演習A-Ⅰ 成育看護学演習A-Ⅰ・Ⅳ（小児） 感染症学特論 感染症学演習 精神看護学演習A-Ⅱ | O7: =VLOOKUP($C2,'2026年度(M2後期)'!$B$5:$N$207,COLUMN('2026年度(M2後期)'!$E$5),0)&"" -> 特別研究 | Q7: =VLOOKUP($C2,'2026年度(D1後期)'!$B$5:$N$207,COLUMN('2026年度(D1後期)'!$E$5),0)&"" -> 成育看護学演習Ｂ 感染管理看護学演習Ｂ 成人看護学演習Ｂ 国際看護学演習Ｂ | S7: =VLOOKUP($C2,'2026年度(D23後期)'!$B$5:$N$207,COLUMN('2026年度(D23後期)'!$E$5),0)&"" -> 特別研究 | Z7: =A7 -> ２時限（11：00～12：30） | AA7: 知の探求 | AF7: 卒業記念パーティ演奏練習 | AG7: 母性看護学実習 | AM7: 母性看護学実習 | AW7: 成人看護学実習Ⅰ補習 | BB7: 精神看護学演習A－Ⅱ | BN7: 総合学習
B8: 教 官 | C8: =IFERROR(VLOOKUP(C7,科目・教員!$A$2:$B$342,2,0),"") -> 須藤 恭子 | E8: =IFERROR(VLOOKUP(E7,科目・教員!$A$2:$B$342,2,0),"") -> 森下 純子 | G8: =IFERROR(VLOOKUP(G7,科目・教員!$A$2:$B$342,2,0),"") | I8: =IFERROR(VLOOKUP(I7,科目・教員!$A$2:$B$342,2,0),"") | K8: =IFERROR(VLOOKUP(K7,科目・教員!$A$2:$B$342,2,0),"") | M8: =IFERROR(VLOOKUP(M7,科目・教員!$A$2:$B$342,2,0),"") | O8: =IFERROR(VLOOKUP(O7,科目・教員!$A$2:$B$342,2,0),"") | Q8: =IFERROR(VLOOKUP(Q7,科目・教員!$A$2:$B$342,2,0),"") | S8: =IFERROR(VLOOKUP(S7,科目・教員!$A$2:$B$342,2,0),"")
B9: 使用教室 | C9: =VLOOKUP($C2,'2026年度(1年後期)'!$B$5:$N$207,COLUMN('2026年度(1年後期)'!$E$5)+1,0)&"" -> 101 | E9: =VLOOKUP($C2,'2026年度(2年後期)'!$B$5:$N$207,COLUMN('2026年度(2年後期)'!$E$5)+1,0)&"" | G9: =VLOOKUP($C2,'2026年度(3年後期)'!$B$5:$N$207,COLUMN('2026年度(3年後期)'!$E$5)+1,0)&"" -> 母性:201･母小実 | I9: =VLOOKUP($C2,'2026年度(4年後期)'!$B$5:$N$206,COLUMN('2026年度(4年後期)'!$E$5)+1,0)&"" -> 大講義室 | K9: =VLOOKUP($C2,'2026年度(助産後期)'!$B$5:$N$207,COLUMN('2026年度(助産後期)'!$E$5)+1,0)&"" | M9: =VLOOKUP($C2,'2026年度(M1後期)'!$B$5:$N$207,COLUMN('2026年度(M1後期)'!$E$5)+1,0)&"" -> 精神：臨床講義室２ | O9: =VLOOKUP($C2,'2026年度(M2後期)'!$B$5:$N$207,COLUMN('2026年度(M2後期)'!$E$5)+1,0)&"" | Q9: =VLOOKUP($C2,'2026年度(D1後期)'!$B$5:$N$207,COLUMN('2026年度(D1後期)'!$E$5)+1,0)&"" | S9: =VLOOKUP($C2,'2026年度(D23後期)'!$B$5:$N$207,COLUMN('2026年度(D23後期)'!$E$5)+1,0)&""
B10: 備 考
A11: 昼休み（12：30～13：30） | B11: 活動名 | Z11: =A11 -> 昼休み（12：30～13：30） | AF11: 卒業記念パーティ演奏練習
B12: 責任者
B13: 使用教室
B14: 備 考
A15: ３時限（13：30～15：00） | B15: 科目名 | C15: =VLOOKUP($C2,'2026年度(1年後期)'!$B$5:$N$207,COLUMN('2026年度(1年後期)'!$G$5),0)&"" -> ジェンダー論 | E15: =VLOOKUP($C2,'2026年度(2年後期)'!$B$5:$N$207,COLUMN('2026年度(2年後期)'!$G$5),0)&"" -> 基礎看護学実習Ⅱ | G15: =VLOOKUP($C2,'2026年度(3年後期)'!$B$5:$N$207,COLUMN('2026年度(3年後期)'!$G$5),0)&"" -> 領域別実習 | I15: =VLOOKUP($C2,'2026年度(4年後期)'!$B$5:$N$206,COLUMN('2026年度(4年後期)'!$G$5),0)&"" | K15: =VLOOKUP($C2,'2026年度(助産後期)'!$B$5:$N$207,COLUMN('2026年度(助産後期)'!$G$5),0)&"" -> 助産管理論（山本先生） | M15: =VLOOKUP($C2,'2026年度(M1後期)'!$B$5:$N$207,COLUMN('2026年度(M1後期)'!$G$5),0)&"" -> がん看護学演習A-Ⅱ 成育看護学演習A-Ⅰ（小児） 感染症学特論 感染症学演習 | O15: =VLOOKUP($C2,'2026年度(M2後期)'!$B$5:$N$207,COLUMN('2026年度(M2後期)'!$G$5),0)&"" -> 特別研究 | Q15: =VLOOKUP($C2,'2026年度(D1後期)'!$B$5:$N$207,COLUMN('2026年度(D1後期)'!$G$5),0)&"" -> 量的看護学研究法 | S15: =VLOOKUP($C2,'2026年度(D23後期)'!$B$5:$N$207,COLUMN('2026年度(D23後期)'!$G$5),0)&"" -> 特別研究 | U15: 3～4限 | Z15: =A15 -> ３時限（13：30～15：00） | AA15: ジェンダー論 | AF15: 卒業記念パーティ演奏練習 | AG15: 母性看護学実習 | AM15: 母性看護学実習 | AW15: 成人看護学実習Ⅰ補習 | AZ15: 助産管理論 | BA15: 量的看護学研究法 | BB15: 精神看護学演習A－Ⅱ | BM15: D1坂口 | BN15: 政策医療看護論Ⅱ
B16: 教 官 | C16: =IFERROR(VLOOKUP(C15,科目・教員!$A$2:$B$342,2,0),"") -> 小島 優子 | E16: =IFERROR(VLOOKUP(E15,科目・教員!$A$2:$B$342,2,0),"") -> 森下 純子 | G16: =IFERROR(VLOOKUP(G15,科目・教員!$A$2:$B$342,2,0),"") | I16: =IFERROR(VLOOKUP(I15,科目・教員!$A$2:$B$342,2,0),"") | K16: =IFERROR(VLOOKUP(K15,科目・教員!$A$2:$B$342,2,0),"") | M16: =IFERROR(VLOOKUP(M15,科目・教員!$A$2:$B$342,2,0),"") | O16: =IFERROR(VLOOKUP(O15,科目・教員!$A$2:$B$342,2,0),"") | Q16: =IFERROR(VLOOKUP(Q15,科目・教員!$A$2:$B$342,2,0),"") -> 柏木 公一 | S16: =IFERROR(VLOOKUP(S15,科目・教員!$A$2:$B$342,2,0),"") | U16: 量的看護研究法
B17: 使用教室 | C17: =VLOOKUP($C2,'2026年度(1年後期)'!$B$5:$N$207,COLUMN('2026年度(1年後期)'!$G$5)+1,0)&"" -> 101 | E17: =VLOOKUP($C2,'2026年度(2年後期)'!$B$5:$N$207,COLUMN('2026年度(2年後期)'!$G$5)+1,0)&"" | G17: =VLOOKUP($C2,'2026年度(3年後期)'!$B$5:$N$207,COLUMN('2026年度(3年後期)'!$G$5)+1,0)&"" -> 母性:201･母小実 | I17: =VLOOKUP($C2,'2026年度(4年後期)'!$B$5:$N$206,COLUMN('2026年度(4年後期)'!$G$5)+1,0)&"" | K17: =VLOOKUP($C2,'2026年度(助産後期)'!$B$5:$N$207,COLUMN('2026年度(助産後期)'!$G$5)+1,0)&"" -> 304 | M17: =VLOOKUP($C2,'2026年度(M1後期)'!$B$5:$N$207,COLUMN('2026年度(M1後期)'!$G$5)+1,0)&"" -> 精神：臨床講義室２ | O17: =VLOOKUP($C2,'2026年度(M2後期)'!$B$5:$N$207,COLUMN('2026年度(M2後期)'!$G$5)+1,0)&"" | Q17: =VLOOKUP($C2,'2026年度(D1後期)'!$B$5:$N$207,COLUMN('2026年度(D1後期)'!$G$5)+1,0)&"" -> 臨床講義室１ | S17: =VLOOKUP($C2,'2026年度(D23後期)'!$B$5:$N$207,COLUMN('2026年度(D23後期)'!$G$5)+1,0)&"" | U17: D1坂口
B18: 備 考 | K18: 非常勤講師控室B | U18: セミナールーム5
A19: ４時限（15：10～16：40） | B19: 科目名 | C19: =VLOOKUP($C2,'2026年度(1年後期)'!$B$5:$N$207,COLUMN('2026年度(1年後期)'!$I$5),0)&"" -> 人体の構造と機能Ⅲ (桑名先生③) | E19: =VLOOKUP($C2,'2026年度(2年後期)'!$B$5:$N$207,COLUMN('2026年度(2年後期)'!$I$5),0)&"" -> 基礎看護学実習Ⅱ | G19: =VLOOKUP($C2,'2026年度(3年後期)'!$B$5:$N$207,COLUMN('2026年度(3年後期)'!$I$5),0)&"" -> 領域別実習 | I19: =VLOOKUP($C2,'2026年度(4年後期)'!$B$5:$N$206,COLUMN('2026年度(4年後期)'!$I$5),0)&"" | K19: =VLOOKUP($C2,'2026年度(助産後期)'!$B$5:$N$207,COLUMN('2026年度(助産後期)'!$I$5),0)&"" -> 助産管理論（山本先生） | M19: =VLOOKUP($C2,'2026年度(M1後期)'!$B$5:$N$207,COLUMN('2026年度(M1後期)'!$I$5),0)&"" -> がん看護学演習A-Ⅱ 成育看護学演習A-Ⅰ 感染症学特論 感染症学演習 | O19: =VLOOKUP($C2,'2026年度(M2後期)'!$B$5:$N$207,COLUMN('2026年度(M2後期)'!$I$5),0)&"" -> 特別研究 | Q19: =VLOOKUP($C2,'2026年度(D1後期)'!$B$5:$N$207,COLUMN('2026年度(D1後期)'!$I$5),0)&"" -> 量的看護学研究法 | S19: =VLOOKUP($C2,'2026年度(D23後期)'!$B$5:$N$207,COLUMN('2026年度(D23後期)'!$I$5),0)&"" -> 特別研究 | Z19: =A19 -> ４時限（15：10～16：40） | AA19: 人体の構造と機能Ⅲ | AF19: 卒業記念パーティ演奏練習 | AG19: 母性看護学実習 | AM19: 母性看護学実習 | AW19: 成人看護学実習Ⅰ補習 | AZ19: 助産管理論 | BA19: 量的看護学研究法 | BB19: 精神看護学演習A－Ⅱ | BM19: D1坂口
B20: 教 官 | C20: =IFERROR(VLOOKUP(C19,科目・教員!$A$2:$B$342,2,0),"") | E20: =IFERROR(VLOOKUP(E19,科目・教員!$A$2:$B$342,2,0),"") -> 森下 純子 | G20: =IFERROR(VLOOKUP(G19,科目・教員!$A$2:$B$342,2,0),"") | I20: =IFERROR(VLOOKUP(I19,科目・教員!$A$2:$B$342,2,0),"") | K20: =IFERROR(VLOOKUP(K19,科目・教員!$A$2:$B$342,2,0),"") | M20: =IFERROR(VLOOKUP(M19,科目・教員!$A$2:$B$342,2,0),"") | O20: =IFERROR(VLOOKUP(O19,科目・教員!$A$2:$B$342,2,0),"") | Q20: =IFERROR(VLOOKUP(Q19,科目・教員!$A$2:$B$342,2,0),"") -> 柏木 公一 | S20: =IFERROR(VLOOKUP(S19,科目・教員!$A$2:$B$342,2,0),"")
B21: 使用教室 | C21: =VLOOKUP($C2,'2026年度(1年後期)'!$B$5:$N$207,COLUMN('2026年度(1年後期)'!$I$5)+1,0)&"" -> 101 | E21: =VLOOKUP($C2,'2026年度(2年後期)'!$B$5:$N$207,COLUMN('2026年度(2年後期)'!$I$5)+1,0)&"" | G21: =VLOOKUP($C2,'2026年度(3年後期)'!$B$5:$N$207,COLUMN('2026年度(3年後期)'!$I$5)+1,0)&"" -> 母性:201･母小実 | I21: =VLOOKUP($C2,'2026年度(4年後期)'!$B$5:$N$206,COLUMN('2026年度(4年後期)'!$I$5)+1,0)&"" | K21: =VLOOKUP($C2,'2026年度(助産後期)'!$B$5:$N$207,COLUMN('2026年度(助産後期)'!$I$5)+1,0)&"" -> 304 | M21: =VLOOKUP($C2,'2026年度(M1後期)'!$B$5:$N$207,COLUMN('2026年度(M1後期)'!$I$5)+1,0)&"" -> 精神：臨床講義室２ | O21: =VLOOKUP($C2,'2026年度(M2後期)'!$B$5:$N$207,COLUMN('2026年度(M2後期)'!$I$5)+1,0)&"" | Q21: =VLOOKUP($C2,'2026年度(D1後期)'!$B$5:$N$207,COLUMN('2026年度(D1後期)'!$I$5)+1,0)&"" -> 臨床講義室１ | S21: =VLOOKUP($C2,'2026年度(D23後期)'!$B$5:$N$207,COLUMN('2026年度(D23後期)'!$I$5)+1,0)&""
B22: 備 考 | C22: 非常勤講師控室A | K22: 非常勤講師控室B
A23: ５時限（16：50～18：20） | B23: 科目名 | C23: =VLOOKUP($C2,'2026年度(1年後期)'!$B$5:$N$207,COLUMN('2026年度(1年後期)'!$K$5),0)&"" | E23: =VLOOKUP($C2,'2026年度(2年後期)'!$B$5:$N$207,COLUMN('2026年度(2年後期)'!$K$5),0)&"" | G23: =VLOOKUP($C2,'2026年度(3年後期)'!$B$5:$N$207,COLUMN('2026年度(3年後期)'!$K$5),0)&"" | I23: =VLOOKUP($C2,'2026年度(4年後期)'!$B$5:$N$206,COLUMN('2026年度(4年後期)'!$K$5),0)&"" | K23: =VLOOKUP($C2,'2026年度(助産後期)'!$B$5:$N$207,COLUMN('2026年度(助産後期)'!$K$5),0)&"" | M23: =VLOOKUP($C2,'2026年度(M1後期)'!$B$5:$N$207,COLUMN('2026年度(M1後期)'!$K$5),0)&"" | O23: =VLOOKUP($C2,'2026年度(M2後期)'!$B$5:$N$207,COLUMN('2026年度(M2後期)'!$K$5),0)&"" | Q23: =VLOOKUP($C2,'2026年度(D1後期)'!$B$5:$N$207,COLUMN('2026年度(D1後期)'!$K$5),0)&"" | S23: =VLOOKUP($C2,'2026年度(D23後期)'!$B$5:$N$207,COLUMN('2026年度(D23後期)'!$K$5),0)&"" | Z23: =A23 -> ５時限（16：50～18：20） | AF23: 卒業記念パーティ演奏練習
B24: 教 官 | C24: =IFERROR(VLOOKUP(C23,科目・教員!$A$2:$B$342,2,0),"") | E24: =IFERROR(VLOOKUP(E23,科目・教員!$A$2:$B$342,2,0),"") | G24: =IFERROR(VLOOKUP(G23,科目・教員!$A$2:$B$342,2,0),"") | I24: =IFERROR(VLOOKUP(I23,科目・教員!$A$2:$B$342,2,0),"") | K24: =IFERROR(VLOOKUP(K23,科目・教員!$A$2:$B$342,2,0),"") | M24: =IFERROR(VLOOKUP(M23,科目・教員!$A$2:$B$342,2,0),"") | O24: =IFERROR(VLOOKUP(O23,科目・教員!$A$2:$B$342,2,0),"") | Q24: =IFERROR(VLOOKUP(Q23,科目・教員!$A$2:$B$342,2,0),"") | S24: =IFERROR(VLOOKUP(S23,科目・教員!$A$2:$B$342,2,0),"")
B25: 使用教室 | C25: =VLOOKUP($C2,'2026年度(1年後期)'!$B$5:$N$207,COLUMN('2026年度(1年後期)'!$K$5)+1,0)&"" | E25: =VLOOKUP($C2,'2026年度(2年後期)'!$B$5:$N$207,COLUMN('2026年度(2年後期)'!$K$5)+1,0)&"" | G25: =VLOOKUP($C2,'2026年度(3年後期)'!$B$5:$N$207,COLUMN('2026年度(3年後期)'!$K$5)+1,0)&"" | I25: =VLOOKUP($C2,'2026年度(4年後期)'!$B$5:$N$206,COLUMN('2026年度(4年後期)'!$K$5)+1,0)&"" | K25: =VLOOKUP($C2,'2026年度(助産後期)'!$B$5:$N$207,COLUMN('2026年度(助産後期)'!$K$5)+1,0)&"" | M25: =VLOOKUP($C2,'2026年度(M1後期)'!$B$5:$N$207,COLUMN('2026年度(M1後期)'!$K$5)+1,0)&"" | O25: =VLOOKUP($C2,'2026年度(M2後期)'!$B$5:$N$207,COLUMN('2026年度(M2後期)'!$K$5)+1,0)&"" | Q25: =VLOOKUP($C2,'2026年度(D1後期)'!$B$5:$N$207,COLUMN('2026年度(D1後期)'!$K$5)+1,0)&"" | S25: =VLOOKUP($C2,'2026年度(D23後期)'!$B$5:$N$207,COLUMN('2026年度(D23後期)'!$K$5)+1,0)&""
B26: 備 考
C27: =C2+1 -> 46358 | U27: =C27 -> 46358 | AA27: 101 | AB27: 102 | AC27: 103 | AD27: 在宅実習室 | AE27: 成人実習室 | AF27: 講堂 | AG27: 201 | AH27: 202 | AI27: 203 | AJ27: 204 | AK27: 205 | AL27: 基礎実習室 | AM27: 母性・小児実習室 | AN27: 演習21 | AO27: 演習22 | AP27: 演習23 | AQ27: 演習24 | AR27: 演習25 | AS27: 演習26 | AT27: 演習27 | AU27: 演習28 | AV27: 演習29 | AW27: 301 | AX27: 302 | AY27: 303 | AZ27: 304 | BA27: 臨床１ | BB27: 臨床２ | BC27: LL1 | BD27: LL2 | BE27: 実験室 | BF27: 情報処理室 | BG27: 演習31 | BH27: 演習32 | BI27: セミナー室１ | BJ27: セミナー室２ | BK27: セミナー室3 | BL27: セミナー室4 | BM27: セミナー室5 | BN27: 大講義室 | BO27: アリーナ | BP27: 研修１ | BQ27: 研修３ | BR27: 研修４ | BS27: 研修５ | BT27: 研修６ | BU27: 研修７ | BV27: 視聴覚室
A28: １時限（09：20～10：50） | B28: 科目名 | C28: =VLOOKUP($C27,'2026年度(1年後期)'!$B$5:$N$207,COLUMN('2026年度(1年後期)'!$C$5),0)&"" -> 疫学・保健統計学Ⅱ | E28: =VLOOKUP($C27,'2026年度(2年後期)'!$B$5:$N$207,COLUMN('2026年度(2年後期)'!$C$5),0)&"" -> 基礎看護学実習Ⅱ | G28: =VLOOKUP($C27,'2026年度(3年後期)'!$B$5:$N$207,COLUMN('2026年度(3年後期)'!$C$5),0)&"" -> 領域別実習 | I28: =VLOOKUP($C27,'2026年度(4年後期)'!$B$5:$N$206,COLUMN('2026年度(4年後期)'!$C$5),0)&"" | K28: =VLOOKUP($C27,'2026年度(助産後期)'!$B$5:$N$207,COLUMN('2026年度(助産後期)'!$C$5),0)&"" | M28: =VLOOKUP($C27,'2026年度(M1後期)'!$B$5:$N$207,COLUMN('2026年度(M1後期)'!$C$5),0)&"" -> 看護情報・管理学演習A-Ⅰ 成育看護学演習A-Ⅳ（母性） | O28: =VLOOKUP($C27,'2026年度(M2後期)'!$B$5:$N$207,COLUMN('2026年度(M2後期)'!$C$5),0)&"" -> 特別研究 | Q28: =VLOOKUP($C27,'2026年度(D1後期)'!$B$5:$N$207,COLUMN('2026年度(D1後期)'!$C$5),0)&"" | S28: =VLOOKUP($C27,'2026年度(D23後期)'!$B$5:$N$207,COLUMN('2026年度(D23後期)'!$C$5),0)&"" -> 特別研究 | V28: ９：0０～17：00 | Z28: =A28 -> １時限（09：20～10：50） | AA28: 疫学･保健統計学Ⅱ | AG28: 母性看護学実習 | AM28: 母性看護学実習（自主練）
B29: 教 官 | C29: =IFERROR(VLOOKUP(C28,科目・教員!$A$2:$B$342,2,0),"") -> 柏木 公一 | E29: =IFERROR(VLOOKUP(E28,科目・教員!$A$2:$B$342,2,0),"") -> 森下 純子 | G29: =IFERROR(VLOOKUP(G28,科目・教員!$A$2:$B$342,2,0),"") | I29: =IFERROR(VLOOKUP(I28,科目・教員!$A$2:$B$342,2,0),"") | K29: =IFERROR(VLOOKUP(K28,科目・教員!$A$2:$B$342,2,0),"") | M29: =IFERROR(VLOOKUP(M28,科目・教員!$A$2:$B$342,2,0),"") | O29: =IFERROR(VLOOKUP(O28,科目・教員!$A$2:$B$342,2,0),"") | Q29: =IFERROR(VLOOKUP(Q28,科目・教員!$A$2:$B$342,2,0),"") | S29: =IFERROR(VLOOKUP(S28,科目・教員!$A$2:$B$342,2,0),"") | V29: 母性看護学実習（自主練）
B30: 使用教室 | C30: =VLOOKUP($C27,'2026年度(1年後期)'!$B$5:$N$207,COLUMN('2026年度(1年後期)'!$C$5)+1,0)&"" -> 101 | E30: =VLOOKUP($C27,'2026年度(2年後期)'!$B$5:$N$207,COLUMN('2026年度(2年後期)'!$C$5)+1,0)&"" | G30: =VLOOKUP($C27,'2026年度(3年後期)'!$B$5:$N$207,COLUMN('2026年度(3年後期)'!$C$5)+1,0)&"" -> 母性:201 | I30: =VLOOKUP($C27,'2026年度(4年後期)'!$B$5:$N$206,COLUMN('2026年度(4年後期)'!$C$5)+1,0)&"" | K30: =VLOOKUP($C27,'2026年度(助産後期)'!$B$5:$N$207,COLUMN('2026年度(助産後期)'!$C$5)+1,0)&"" | M30: =VLOOKUP($C27,'2026年度(M1後期)'!$B$5:$N$207,COLUMN('2026年度(M1後期)'!$C$5)+1,0)&"" | O30: =VLOOKUP($C27,'2026年度(M2後期)'!$B$5:$N$207,COLUMN('2026年度(M2後期)'!$C$5)+1,0)&"" | Q30: =VLOOKUP($C27,'2026年度(D1後期)'!$B$5:$N$207,COLUMN('2026年度(D1後期)'!$C$5)+1,0)&"" | S30: =VLOOKUP($C27,'2026年度(D23後期)'!$B$5:$N$207,COLUMN('2026年度(D23後期)'!$C$5)+1,0)&"" | V30: 齋藤先生
B31: 備 考 | V31: 母性小児看護実習室
A32: ２時限（11：00～12：30） | B32: 科目名 | C32: =VLOOKUP($C27,'2026年度(1年後期)'!$B$5:$N$207,COLUMN('2026年度(1年後期)'!$E$5),0)&"" -> 疾病・病態論Ⅰ | E32: =VLOOKUP($C27,'2026年度(2年後期)'!$B$5:$N$207,COLUMN('2026年度(2年後期)'!$E$5),0)&"" -> 基礎看護学実習Ⅱ | G32: =VLOOKUP($C27,'2026年度(3年後期)'!$B$5:$N$207,COLUMN('2026年度(3年後期)'!$E$5),0)&"" -> 領域別実習 | I32: =VLOOKUP($C27,'2026年度(4年後期)'!$B$5:$N$206,COLUMN('2026年度(4年後期)'!$E$5),0)&"" | K32: =VLOOKUP($C27,'2026年度(助産後期)'!$B$5:$N$207,COLUMN('2026年度(助産後期)'!$E$5),0)&"" | M32: =VLOOKUP($C27,'2026年度(M1後期)'!$B$5:$N$207,COLUMN('2026年度(M1後期)'!$E$5),0)&"" -> 看護情報・管理学演習A-Ⅰ 成育看護学演習A-Ⅳ（母性） | O32: =VLOOKUP($C27,'2026年度(M2後期)'!$B$5:$N$207,COLUMN('2026年度(M2後期)'!$E$5),0)&"" -> 特別研究 | Q32: =VLOOKUP($C27,'2026年度(D1後期)'!$B$5:$N$207,COLUMN('2026年度(D1後期)'!$E$5),0)&"" | S32: =VLOOKUP($C27,'2026年度(D23後期)'!$B$5:$N$207,COLUMN('2026年度(D23後期)'!$E$5),0)&"" -> 特別研究 | Z32: =A32 -> ２時限（11：00～12：30） | AA32: 疾病･病態論Ⅰ | AG32: 母性看護学実習 | AM32: 母性看護学実習（自主練）
B33: 教 官 | C33: =IFERROR(VLOOKUP(C32,科目・教員!$A$2:$B$342,2,0),"") -> 水野 正之 | E33: =IFERROR(VLOOKUP(E32,科目・教員!$A$2:$B$342,2,0),"") -> 森下 純子 | G33: =IFERROR(VLOOKUP(G32,科目・教員!$A$2:$B$342,2,0),"") | I33: =IFERROR(VLOOKUP(I32,科目・教員!$A$2:$B$342,2,0),"") | K33: =IFERROR(VLOOKUP(K32,科目・教員!$A$2:$B$342,2,0),"") | M33: =IFERROR(VLOOKUP(M32,科目・教員!$A$2:$B$342,2,0),"") | O33: =IFERROR(VLOOKUP(O32,科目・教員!$A$2:$B$342,2,0),"") | Q33: =IFERROR(VLOOKUP(Q32,科目・教員!$A$2:$B$342,2,0),"") | S33: =IFERROR(VLOOKUP(S32,科目・教員!$A$2:$B$342,2,0),"")
B34: 使用教室 | C34: =VLOOKUP($C27,'2026年度(1年後期)'!$B$5:$N$207,COLUMN('2026年度(1年後期)'!$E$5)+1,0)&"" -> 101 | E34: =VLOOKUP($C27,'2026年度(2年後期)'!$B$5:$N$207,COLUMN('2026年度(2年後期)'!$E$5)+1,0)&"" | G34: =VLOOKUP($C27,'2026年度(3年後期)'!$B$5:$N$207,COLUMN('2026年度(3年後期)'!$E$5)+1,0)&"" -> 母性:201 | I34: =VLOOKUP($C27,'2026年度(4年後期)'!$B$5:$N$206,COLUMN('2026年度(4年後期)'!$E$5)+1,0)&"" | K34: =VLOOKUP($C27,'2026年度(助産後期)'!$B$5:$N$207,COLUMN('2026年度(助産後期)'!$E$5)+1,0)&"" | M34: =VLOOKUP($C27,'2026年度(M1後期)'!$B$5:$N$207,COLUMN('2026年度(M1後期)'!$E$5)+1,0)&"" | O34: =VLOOKUP($C27,'2026年度(M2後期)'!$B$5:$N$207,COLUMN('2026年度(M2後期)'!$E$5)+1,0)&"" | Q34: =VLOOKUP($C27,'2026年度(D1後期)'!$B$5:$N$207,COLUMN('2026年度(D1後期)'!$E$5)+1,0)&"" | S34: =VLOOKUP($C27,'2026年度(D23後期)'!$B$5:$N$207,COLUMN('2026年度(D23後期)'!$E$5)+1,0)&""
B35: 備 考
A36: 昼休み（12：30～13：30） | B36: 活動名 | Z36: =A36 -> 昼休み（12：30～13：30） | AM36: 母性看護学実習（自主練）
B37: 責任者
B38: 使用教室
B39: 備 考
A40: ３時限（13：30～15：00） | B40: 科目名 | C40: =VLOOKUP($C27,'2026年度(1年後期)'!$B$5:$N$207,COLUMN('2026年度(1年後期)'!$G$5),0)&"" -> 人間と教育 | E40: =VLOOKUP($C27,'2026年度(2年後期)'!$B$5:$N$207,COLUMN('2026年度(2年後期)'!$G$5),0)&"" -> 基礎看護学実習Ⅱ | G40: =VLOOKUP($C27,'2026年度(3年後期)'!$B$5:$N$207,COLUMN('2026年度(3年後期)'!$G$5),0)&"" -> 領域別実習 | I40: =VLOOKUP($C27,'2026年度(4年後期)'!$B$5:$N$206,COLUMN('2026年度(4年後期)'!$G$5),0)&"" | K40: =VLOOKUP($C27,'2026年度(助産後期)'!$B$5:$N$207,COLUMN('2026年度(助産後期)'!$G$5),0)&"" -> 地域母子保健（藤田先生） | M40: =VLOOKUP($C27,'2026年度(M1後期)'!$B$5:$N$207,COLUMN('2026年度(M1後期)'!$G$5),0)&"" -> 成人看護学演習A-Ⅰ | O40: =VLOOKUP($C27,'2026年度(M2後期)'!$B$5:$N$207,COLUMN('2026年度(M2後期)'!$G$5),0)&"" -> 特別研究 | Q40: =VLOOKUP($C27,'2026年度(D1後期)'!$B$5:$N$207,COLUMN('2026年度(D1後期)'!$G$5),0)&"" | S40: =VLOOKUP($C27,'2026年度(D23後期)'!$B$5:$N$207,COLUMN('2026年度(D23後期)'!$G$5),0)&"" -> 特別研究 | V40: 3限 | Z40: =A40 -> ３時限（13：30～15：00） | AH40: 人間と教育 | AM40: 母性看護学実習（自主練） | AZ40: 地域母子保健 | BK40: D1坂口
B41: 教 官 | C41: =IFERROR(VLOOKUP(C40,科目・教員!$A$2:$B$342,2,0),"") -> 神原 裕子 | E41: =IFERROR(VLOOKUP(E40,科目・教員!$A$2:$B$342,2,0),"") -> 森下 純子 | G41: =IFERROR(VLOOKUP(G40,科目・教員!$A$2:$B$342,2,0),"") | I41: =IFERROR(VLOOKUP(I40,科目・教員!$A$2:$B$342,2,0),"") | K41: =IFERROR(VLOOKUP(K40,科目・教員!$A$2:$B$342,2,0),"") | M41: =IFERROR(VLOOKUP(M40,科目・教員!$A$2:$B$342,2,0),"") | O41: =IFERROR(VLOOKUP(O40,科目・教員!$A$2:$B$342,2,0),"") | Q41: =IFERROR(VLOOKUP(Q40,科目・教員!$A$2:$B$342,2,0),"") | S41: =IFERROR(VLOOKUP(S40,科目・教員!$A$2:$B$342,2,0),"") | V41: 成人看護学特論B
B42: 使用教室 | C42: =VLOOKUP($C27,'2026年度(1年後期)'!$B$5:$N$207,COLUMN('2026年度(1年後期)'!$G$5)+1,0)&"" -> 202 | E42: =VLOOKUP($C27,'2026年度(2年後期)'!$B$5:$N$207,COLUMN('2026年度(2年後期)'!$G$5)+1,0)&"" | G42: =VLOOKUP($C27,'2026年度(3年後期)'!$B$5:$N$207,COLUMN('2026年度(3年後期)'!$G$5)+1,0)&"" | I42: =VLOOKUP($C27,'2026年度(4年後期)'!$B$5:$N$206,COLUMN('2026年度(4年後期)'!$G$5)+1,0)&"" | K42: =VLOOKUP($C27,'2026年度(助産後期)'!$B$5:$N$207,COLUMN('2026年度(助産後期)'!$G$5)+1,0)&"" -> 304 | M42: =VLOOKUP($C27,'2026年度(M1後期)'!$B$5:$N$207,COLUMN('2026年度(M1後期)'!$G$5)+1,0)&"" | O42: =VLOOKUP($C27,'2026年度(M2後期)'!$B$5:$N$207,COLUMN('2026年度(M2後期)'!$G$5)+1,0)&"" | Q42: =VLOOKUP($C27,'2026年度(D1後期)'!$B$5:$N$207,COLUMN('2026年度(D1後期)'!$G$5)+1,0)&"" | S42: =VLOOKUP($C27,'2026年度(D23後期)'!$B$5:$N$207,COLUMN('2026年度(D23後期)'!$G$5)+1,0)&"" | V42: D1坂口
B43: 備 考 | C43: 非常勤講師控室A | K43: 非常勤講師控室B | V43: セミナールーム3
A44: ４時限（15：10～16：40） | B44: 科目名 | C44: =VLOOKUP($C27,'2026年度(1年後期)'!$B$5:$N$207,COLUMN('2026年度(1年後期)'!$I$5),0)&"" -> 人間と教育 | E44: =VLOOKUP($C27,'2026年度(2年後期)'!$B$5:$N$207,COLUMN('2026年度(2年後期)'!$I$5),0)&"" -> 基礎看護学実習Ⅱ | G44: =VLOOKUP($C27,'2026年度(3年後期)'!$B$5:$N$207,COLUMN('2026年度(3年後期)'!$I$5),0)&"" -> 領域別実習 | I44: =VLOOKUP($C27,'2026年度(4年後期)'!$B$5:$N$206,COLUMN('2026年度(4年後期)'!$I$5),0)&"" | K44: =VLOOKUP($C27,'2026年度(助産後期)'!$B$5:$N$207,COLUMN('2026年度(助産後期)'!$I$5),0)&"" | M44: =VLOOKUP($C27,'2026年度(M1後期)'!$B$5:$N$207,COLUMN('2026年度(M1後期)'!$I$5),0)&"" -> 成人看護学演習A-Ⅰ | O44: =VLOOKUP($C27,'2026年度(M2後期)'!$B$5:$N$207,COLUMN('2026年度(M2後期)'!$I$5),0)&"" -> 特別研究 | Q44: =VLOOKUP($C27,'2026年度(D1後期)'!$B$5:$N$207,COLUMN('2026年度(D1後期)'!$I$5),0)&"" | S44: =VLOOKUP($C27,'2026年度(D23後期)'!$B$5:$N$207,COLUMN('2026年度(D23後期)'!$I$5),0)&"" -> 特別研究 | Z44: =A44 -> ４時限（15：10～16：40） | AH44: 人間と教育 | AM44: 母性看護学実習（自主練）
B45: 教 官 | C45: =IFERROR(VLOOKUP(C44,科目・教員!$A$2:$B$342,2,0),"") -> 神原 裕子 | E45: =IFERROR(VLOOKUP(E44,科目・教員!$A$2:$B$342,2,0),"") -> 森下 純子 | G45: =IFERROR(VLOOKUP(G44,科目・教員!$A$2:$B$342,2,0),"") | I45: =IFERROR(VLOOKUP(I44,科目・教員!$A$2:$B$342,2,0),"") | K45: =IFERROR(VLOOKUP(K44,科目・教員!$A$2:$B$342,2,0),"") | M45: =IFERROR(VLOOKUP(M44,科目・教員!$A$2:$B$342,2,0),"") | O45: =IFERROR(VLOOKUP(O44,科目・教員!$A$2:$B$342,2,0),"") | Q45: =IFERROR(VLOOKUP(Q44,科目・教員!$A$2:$B$342,2,0),"") | S45: =IFERROR(VLOOKUP(S44,科目・教員!$A$2:$B$342,2,0),"")
B46: 使用教室 | C46: =VLOOKUP($C27,'2026年度(1年後期)'!$B$5:$N$207,COLUMN('2026年度(1年後期)'!$I$5)+1,0)&"" -> 202 | E46: =VLOOKUP($C27,'2026年度(2年後期)'!$B$5:$N$207,COLUMN('2026年度(2年後期)'!$I$5)+1,0)&"" | G46: =VLOOKUP($C27,'2026年度(3年後期)'!$B$5:$N$207,COLUMN('2026年度(3年後期)'!$I$5)+1,0)&"" | I46: =VLOOKUP($C27,'2026年度(4年後期)'!$B$5:$N$206,COLUMN('2026年度(4年後期)'!$I$5)+1,0)&"" | K46: =VLOOKUP($C27,'2026年度(助産後期)'!$B$5:$N$207,COLUMN('2026年度(助産後期)'!$I$5)+1,0)&"" | M46: =VLOOKUP($C27,'2026年度(M1後期)'!$B$5:$N$207,COLUMN('2026年度(M1後期)'!$I$5)+1,0)&"" | O46: =VLOOKUP($C27,'2026年度(M2後期)'!$B$5:$N$207,COLUMN('2026年度(M2後期)'!$I$5)+1,0)&"" | Q46: =VLOOKUP($C27,'2026年度(D1後期)'!$B$5:$N$207,COLUMN('2026年度(D1後期)'!$I$5)+1,0)&"" | S46: =VLOOKUP($C27,'2026年度(D23後期)'!$B$5:$N$207,COLUMN('2026年度(D23後期)'!$I$5)+1,0)&""
B47: 備 考 | C47: 非常勤講師控室A
A48: ５時限（16：50～18：20） | B48: 科目名 | C48: =VLOOKUP($C27,'2026年度(1年後期)'!$B$5:$N$207,COLUMN('2026年度(1年後期)'!$K$5),0)&"" | E48: =VLOOKUP($C27,'2026年度(2年後期)'!$B$5:$N$207,COLUMN('2026年度(2年後期)'!$K$5),0)&"" | G48: =VLOOKUP($C27,'2026年度(3年後期)'!$B$5:$N$207,COLUMN('2026年度(3年後期)'!$K$5),0)&"" | I48: =VLOOKUP($C27,'2026年度(4年後期)'!$B$5:$N$206,COLUMN('2026年度(4年後期)'!$K$5),0)&"" | K48: =VLOOKUP($C27,'2026年度(助産後期)'!$B$5:$N$207,COLUMN('2026年度(助産後期)'!$K$5),0)&"" | M48: =VLOOKUP($C27,'2026年度(M1後期)'!$B$5:$N$207,COLUMN('2026年度(M1後期)'!$K$5),0)&"" | O48: =VLOOKUP($C27,'2026年度(M2後期)'!$B$5:$N$207,COLUMN('2026年度(M2後期)'!$K$5),0)&"" | Q48: =VLOOKUP($C27,'2026年度(D1後期)'!$B$5:$N$207,COLUMN('2026年度(D1後期)'!$K$5),0)&"" | S48: =VLOOKUP($C27,'2026年度(D23後期)'!$B$5:$N$207,COLUMN('2026年度(D23後期)'!$K$5),0)&"" | Z48: =A48 -> ５時限（16：50～18：20） | AM48: 母性看護学実習（自主練）
B49: 教 官 | C49: =IFERROR(VLOOKUP(C48,科目・教員!$A$2:$B$342,2,0),"") | E49: =IFERROR(VLOOKUP(E48,科目・教員!$A$2:$B$342,2,0),"") | G49: =IFERROR(VLOOKUP(G48,科目・教員!$A$2:$B$342,2,0),"") | I49: =IFERROR(VLOOKUP(I48,科目・教員!$A$2:$B$342,2,0),"") | K49: =IFERROR(VLOOKUP(K48,科目・教員!$A$2:$B$342,2,0),"") | M49: =IFERROR(VLOOKUP(M48,科目・教員!$A$2:$B$342,2,0),"") | O49: =IFERROR(VLOOKUP(O48,科目・教員!$A$2:$B$342,2,0),"") | Q49: =IFERROR(VLOOKUP(Q48,科目・教員!$A$2:$B$342,2,0),"") | S49: =IFERROR(VLOOKUP(S48,科目・教員!$A$2:$B$342,2,0),"")
B50: 使用教室 | C50: =VLOOKUP($C27,'2026年度(1年後期)'!$B$5:$N$207,COLUMN('2026年度(1年後期)'!$K$5)+1,0)&"" | E50: =VLOOKUP($C27,'2026年度(2年後期)'!$B$5:$N$207,COLUMN('2026年度(2年後期)'!$K$5)+1,0)&"" | G50: =VLOOKUP($C27,'2026年度(3年後期)'!$B$5:$N$207,COLUMN('2026年度(3年後期)'!$K$5)+1,0)&"" | I50: =VLOOKUP($C27,'2026年度(4年後期)'!$B$5:$N$206,COLUMN('2026年度(4年後期)'!$K$5)+1,0)&"" | K50: =VLOOKUP($C27,'2026年度(助産後期)'!$B$5:$N$207,COLUMN('2026年度(助産後期)'!$K$5)+1,0)&"" | M50: =VLOOKUP($C27,'2026年度(M1後期)'!$B$5:$N$207,COLUMN('2026年度(M1後期)'!$K$5)+1,0)&"" | O50: =VLOOKUP($C27,'2026年度(M2後期)'!$B$5:$N$207,COLUMN('2026年度(M2後期)'!$K$5)+1,0)&"" | Q50: =VLOOKUP($C27,'2026年度(D1後期)'!$B$5:$N$207,COLUMN('2026年度(D1後期)'!$K$5)+1,0)&"" | S50: =VLOOKUP($C27,'2026年度(D23後期)'!$B$5:$N$207,COLUMN('2026年度(D23後期)'!$K$5)+1,0)&""
B51: 備 考
C52: =C27+1 -> 46359 | U52: =C52 -> 46359 | AA52: 101 | AB52: 102 | AC52: 103 | AD52: 在宅実習室 | AE52: 成人実習室 | AF52: 講堂 | AG52: 201 | AH52: 202 | AI52: 203 | AJ52: 204 | AK52: 205 | AL52: 基礎実習室 | AM52: 母性・小児実習室 | AN52: 演習21 | AO52: 演習22 | AP52: 演習23 | AQ52: 演習24 | AR52: 演習25 | AS52: 演習26 | AT52: 演習27 | AU52: 演習28 | AV52: 演習29 | AW52: 301 | AX52: 302 | AY52: 303 | AZ52: 304 | BA52: 臨床１ | BB52: 臨床２ | BC52: LL1 | BD52: LL2 | BE52: 実験室 | BF52: 情報処理室 | BG52: 演習31 | BH52: 演習32 | BI52: セミナー室１ | BJ52: セミナー室２ | BK52: セミナー室3 | BL52: セミナー室4 | BM52: セミナー室5 | BN52: 大講義室 | BO52: アリーナ | BP52: 研修１ | BQ52: 研修３ | BR52: 研修４ | BS52: 研修５ | BT52: 研修６ | BU52: 研修７ | BV52: 視聴覚室
A53: １時限（09：20～10：50） | B53: 科目名 | C53: =VLOOKUP($C52,'2026年度(1年後期)'!$B$5:$N$207,COLUMN('2026年度(1年後期)'!$C$5),0)&"" -> 人体の構造と機能Ⅳ | E53: =VLOOKUP($C52,'2026年度(2年後期)'!$B$5:$N$207,COLUMN('2026年度(2年後期)'!$C$5),0)&"" -> 基礎看護学実習Ⅱ | G53: =VLOOKUP($C52,'2026年度(3年後期)'!$B$5:$N$207,COLUMN('2026年度(3年後期)'!$C$5),0)&"" -> 領域別実習 | I53: =VLOOKUP($C52,'2026年度(4年後期)'!$B$5:$N$206,COLUMN('2026年度(4年後期)'!$C$5),0)&"" -> 災害看護論 | K53: =VLOOKUP($C52,'2026年度(助産後期)'!$B$5:$N$207,COLUMN('2026年度(助産後期)'!$C$5),0)&"" | M53: =VLOOKUP($C52,'2026年度(M1後期)'!$B$5:$N$207,COLUMN('2026年度(M1後期)'!$C$5),0)&"" -> がん看護学演習A-Ⅰ 感染症学特論 感染症学演習 | O53: =VLOOKUP($C52,'2026年度(M2後期)'!$B$5:$N$207,COLUMN('2026年度(M2後期)'!$C$5),0)&"" -> 特別研究 | Q53: =VLOOKUP($C52,'2026年度(D1後期)'!$B$5:$N$207,COLUMN('2026年度(D1後期)'!$C$5),0)&"" -> 看護情報・管理学演習Ｂ 長寿看護学演習Ｂ | S53: =VLOOKUP($C52,'2026年度(D23後期)'!$B$5:$N$207,COLUMN('2026年度(D23後期)'!$C$5),0)&"" -> 特別研究 | V53: ９：0０～17：00 | Z53: =A53 -> １時限（09：20～10：50） | AA53: 人体の構造と機能Ⅳ | AM53: 母性看護学実習（自主練） | AW53: 災害看護論
B54: 教 官 | C54: =IFERROR(VLOOKUP(C53,科目・教員!$A$2:$B$342,2,0),"") -> 本間 典子 | E54: =IFERROR(VLOOKUP(E53,科目・教員!$A$2:$B$342,2,0),"") -> 森下 純子 | G54: =IFERROR(VLOOKUP(G53,科目・教員!$A$2:$B$342,2,0),"") | I54: =IFERROR(VLOOKUP(I53,科目・教員!$A$2:$B$342,2,0),"") -> 須藤 恭子 | K54: =IFERROR(VLOOKUP(K53,科目・教員!$A$2:$B$342,2,0),"") | M54: =IFERROR(VLOOKUP(M53,科目・教員!$A$2:$B$342,2,0),"") | O54: =IFERROR(VLOOKUP(O53,科目・教員!$A$2:$B$342,2,0),"") | Q54: =IFERROR(VLOOKUP(Q53,科目・教員!$A$2:$B$342,2,0),"") | S54: =IFERROR(VLOOKUP(S53,科目・教員!$A$2:$B$342,2,0),"") | V54: 母性看護学実習（自主練）
B55: 使用教室 | C55: =VLOOKUP($C52,'2026年度(1年後期)'!$B$5:$N$207,COLUMN('2026年度(1年後期)'!$C$5)+1,0)&"" -> 101 | E55: =VLOOKUP($C52,'2026年度(2年後期)'!$B$5:$N$207,COLUMN('2026年度(2年後期)'!$C$5)+1,0)&"" | G55: =VLOOKUP($C52,'2026年度(3年後期)'!$B$5:$N$207,COLUMN('2026年度(3年後期)'!$C$5)+1,0)&"" | I55: =VLOOKUP($C52,'2026年度(4年後期)'!$B$5:$N$206,COLUMN('2026年度(4年後期)'!$C$5)+1,0)&"" -> 301 | K55: =VLOOKUP($C52,'2026年度(助産後期)'!$B$5:$N$207,COLUMN('2026年度(助産後期)'!$C$5)+1,0)&"" | M55: =VLOOKUP($C52,'2026年度(M1後期)'!$B$5:$N$207,COLUMN('2026年度(M1後期)'!$C$5)+1,0)&"" | O55: =VLOOKUP($C52,'2026年度(M2後期)'!$B$5:$N$207,COLUMN('2026年度(M2後期)'!$C$5)+1,0)&"" | Q55: =VLOOKUP($C52,'2026年度(D1後期)'!$B$5:$N$207,COLUMN('2026年度(D1後期)'!$C$5)+1,0)&"" | S55: =VLOOKUP($C52,'2026年度(D23後期)'!$B$5:$N$207,COLUMN('2026年度(D23後期)'!$C$5)+1,0)&"" | V55: 齋藤先生
B56: 備 考 | V56: 母性小児看護実習室
A57: ２時限（11：00～12：30） | B57: 科目名 | C57: =VLOOKUP($C52,'2026年度(1年後期)'!$B$5:$N$207,COLUMN('2026年度(1年後期)'!$E$5),0)&"" -> 生命倫理 | E57: =VLOOKUP($C52,'2026年度(2年後期)'!$B$5:$N$207,COLUMN('2026年度(2年後期)'!$E$5),0)&"" -> 基礎看護学実習Ⅱ | G57: =VLOOKUP($C52,'2026年度(3年後期)'!$B$5:$N$207,COLUMN('2026年度(3年後期)'!$E$5),0)&"" -> 領域別実習 | I57: =VLOOKUP($C52,'2026年度(4年後期)'!$B$5:$N$206,COLUMN('2026年度(4年後期)'!$E$5),0)&"" -> 看護管理論 | K57: =VLOOKUP($C52,'2026年度(助産後期)'!$B$5:$N$207,COLUMN('2026年度(助産後期)'!$E$5),0)&"" | M57: =VLOOKUP($C52,'2026年度(M1後期)'!$B$5:$N$207,COLUMN('2026年度(M1後期)'!$E$5),0)&"" -> がん看護学演習A-Ⅰ 感染症学特論 感染症学演習 | O57: =VLOOKUP($C52,'2026年度(M2後期)'!$B$5:$N$207,COLUMN('2026年度(M2後期)'!$E$5),0)&"" -> 特別研究 | Q57: =VLOOKUP($C52,'2026年度(D1後期)'!$B$5:$N$207,COLUMN('2026年度(D1後期)'!$E$5),0)&"" -> 看護情報・管理学演習Ｂ 長寿看護学演習Ｂ | S57: =VLOOKUP($C52,'2026年度(D23後期)'!$B$5:$N$207,COLUMN('2026年度(D23後期)'!$E$5),0)&"" -> 特別研究 | Z57: =A57 -> ２時限（11：00～12：30） | AA57: 生命倫理 | AM57: 母性看護学実習（自主練） | AW57: 看護管理論
B58: 教 官 | C58: =IFERROR(VLOOKUP(C57,科目・教員!$A$2:$B$342,2,0),"") -> 小島 優子 | E58: =IFERROR(VLOOKUP(E57,科目・教員!$A$2:$B$342,2,0),"") -> 森下 純子 | G58: =IFERROR(VLOOKUP(G57,科目・教員!$A$2:$B$342,2,0),"") | I58: =IFERROR(VLOOKUP(I57,科目・教員!$A$2:$B$342,2,0),"") -> 小澤 三枝子 | K58: =IFERROR(VLOOKUP(K57,科目・教員!$A$2:$B$342,2,0),"") | M58: =IFERROR(VLOOKUP(M57,科目・教員!$A$2:$B$342,2,0),"") | O58: =IFERROR(VLOOKUP(O57,科目・教員!$A$2:$B$342,2,0),"") | Q58: =IFERROR(VLOOKUP(Q57,科目・教員!$A$2:$B$342,2,0),"") | S58: =IFERROR(VLOOKUP(S57,科目・教員!$A$2:$B$342,2,0),"")
B59: 使用教室 | C59: =VLOOKUP($C52,'2026年度(1年後期)'!$B$5:$N$207,COLUMN('2026年度(1年後期)'!$E$5)+1,0)&"" -> 101 | E59: =VLOOKUP($C52,'2026年度(2年後期)'!$B$5:$N$207,COLUMN('2026年度(2年後期)'!$E$5)+1,0)&"" | G59: =VLOOKUP($C52,'2026年度(3年後期)'!$B$5:$N$207,COLUMN('2026年度(3年後期)'!$E$5)+1,0)&"" | I59: =VLOOKUP($C52,'2026年度(4年後期)'!$B$5:$N$206,COLUMN('2026年度(4年後期)'!$E$5)+1,0)&"" -> 301 | K59: =VLOOKUP($C52,'2026年度(助産後期)'!$B$5:$N$207,COLUMN('2026年度(助産後期)'!$E$5)+1,0)&"" | M59: =VLOOKUP($C52,'2026年度(M1後期)'!$B$5:$N$207,COLUMN('2026年度(M1後期)'!$E$5)+1,0)&"" | O59: =VLOOKUP($C52,'2026年度(M2後期)'!$B$5:$N$207,COLUMN('2026年度(M2後期)'!$E$5)+1,0)&"" | Q59: =VLOOKUP($C52,'2026年度(D1後期)'!$B$5:$N$207,COLUMN('2026年度(D1後期)'!$E$5)+1,0)&"" | S59: =VLOOKUP($C52,'2026年度(D23後期)'!$B$5:$N$207,COLUMN('2026年度(D23後期)'!$E$5)+1,0)&""
B60: 備 考
A61: 昼休み（12：30～13：30） | B61: 活動名 | Z61: =A61 -> 昼休み（12：30～13：30） | AM61: 母性看護学実習（自主練）
B62: 責任者
B63: 使用教室
B64: 備 考
A65: ３時限（13：30～15：00） | B65: 科目名 | C65: =VLOOKUP($C52,'2026年度(1年後期)'!$B$5:$N$207,COLUMN('2026年度(1年後期)'!$G$5),0)&"" -> 免疫と健康 | E65: =VLOOKUP($C52,'2026年度(2年後期)'!$B$5:$N$207,COLUMN('2026年度(2年後期)'!$G$5),0)&"" -> 基礎看護学実習Ⅱ | G65: =VLOOKUP($C52,'2026年度(3年後期)'!$B$5:$N$207,COLUMN('2026年度(3年後期)'!$G$5),0)&"" -> 領域別実習 | I65: =VLOOKUP($C52,'2026年度(4年後期)'!$B$5:$N$206,COLUMN('2026年度(4年後期)'!$G$5),0)&"" -> 政策医療看護論Ⅱ (来生先生) | K65: =VLOOKUP($C52,'2026年度(助産後期)'!$B$5:$N$207,COLUMN('2026年度(助産後期)'!$G$5),0)&"" -> 助産学概論（宗先生） | M65: =VLOOKUP($C52,'2026年度(M1後期)'!$B$5:$N$207,COLUMN('2026年度(M1後期)'!$G$5),0)&"" -> 感染症学特論 感染症学演習 成育看護学特論A-Ⅲ | O65: =VLOOKUP($C52,'2026年度(M2後期)'!$B$5:$N$207,COLUMN('2026年度(M2後期)'!$G$5),0)&"" -> 特別研究 | Q65: =VLOOKUP($C52,'2026年度(D1後期)'!$B$5:$N$207,COLUMN('2026年度(D1後期)'!$G$5),0)&"" | S65: =VLOOKUP($C52,'2026年度(D23後期)'!$B$5:$N$207,COLUMN('2026年度(D23後期)'!$G$5),0)&"" -> 特別研究 | U65: 3限～4限 | Z65: =A65 -> ３時限（13：30～15：00） | AA65: 免疫と健康 | AG65: 富山県立小杉高校訪問 | AM65: 母性看護学実習（自主練） | AZ65: 助産学概論 | BN65: 政策医療看護論Ⅱ
B66: 教 官 | C66: =IFERROR(VLOOKUP(C65,科目・教員!$A$2:$B$342,2,0),"") -> 森 那美子 | E66: =IFERROR(VLOOKUP(E65,科目・教員!$A$2:$B$342,2,0),"") -> 森下 純子 | G66: =IFERROR(VLOOKUP(G65,科目・教員!$A$2:$B$342,2,0),"") | I66: =IFERROR(VLOOKUP(I65,科目・教員!$A$2:$B$342,2,0),"") | K66: =IFERROR(VLOOKUP(K65,科目・教員!$A$2:$B$342,2,0),"") | M66: =IFERROR(VLOOKUP(M65,科目・教員!$A$2:$B$342,2,0),"") | O66: =IFERROR(VLOOKUP(O65,科目・教員!$A$2:$B$342,2,0),"") | Q66: =IFERROR(VLOOKUP(Q65,科目・教員!$A$2:$B$342,2,0),"") | S66: =IFERROR(VLOOKUP(S65,科目・教員!$A$2:$B$342,2,0),"") | U66: 富山県立小杉高校
B67: 使用教室 | C67: =VLOOKUP($C52,'2026年度(1年後期)'!$B$5:$N$207,COLUMN('2026年度(1年後期)'!$G$5)+1,0)&"" -> 101 | E67: =VLOOKUP($C52,'2026年度(2年後期)'!$B$5:$N$207,COLUMN('2026年度(2年後期)'!$G$5)+1,0)&"" | G67: =VLOOKUP($C52,'2026年度(3年後期)'!$B$5:$N$207,COLUMN('2026年度(3年後期)'!$G$5)+1,0)&"" | I67: =VLOOKUP($C52,'2026年度(4年後期)'!$B$5:$N$206,COLUMN('2026年度(4年後期)'!$G$5)+1,0)&"" -> 大講義室 | K67: =VLOOKUP($C52,'2026年度(助産後期)'!$B$5:$N$207,COLUMN('2026年度(助産後期)'!$G$5)+1,0)&"" -> 304 | M67: =VLOOKUP($C52,'2026年度(M1後期)'!$B$5:$N$207,COLUMN('2026年度(M1後期)'!$G$5)+1,0)&"" | O67: =VLOOKUP($C52,'2026年度(M2後期)'!$B$5:$N$207,COLUMN('2026年度(M2後期)'!$G$5)+1,0)&"" | Q67: =VLOOKUP($C52,'2026年度(D1後期)'!$B$5:$N$207,COLUMN('2026年度(D1後期)'!$G$5)+1,0)&"" | S67: =VLOOKUP($C52,'2026年度(D23後期)'!$B$5:$N$207,COLUMN('2026年度(D23後期)'!$G$5)+1,0)&"" | U67: 訪問
B68: 備 考 | K68: 非常勤講師控室B
A69: ４時限（15：10～16：40） | B69: 科目名 | C69: =VLOOKUP($C52,'2026年度(1年後期)'!$B$5:$N$207,COLUMN('2026年度(1年後期)'!$I$5),0)&"" -> 中国語 | E69: =VLOOKUP($C52,'2026年度(2年後期)'!$B$5:$N$207,COLUMN('2026年度(2年後期)'!$I$5),0)&"" -> 基礎看護学実習Ⅱ | G69: =VLOOKUP($C52,'2026年度(3年後期)'!$B$5:$N$207,COLUMN('2026年度(3年後期)'!$I$5),0)&"" -> 領域別実習 | I69: =VLOOKUP($C52,'2026年度(4年後期)'!$B$5:$N$206,COLUMN('2026年度(4年後期)'!$I$5),0)&"" -> 看護情報学 | K69: =VLOOKUP($C52,'2026年度(助産後期)'!$B$5:$N$207,COLUMN('2026年度(助産後期)'!$I$5),0)&"" -> 助産管理論（宗先生） | M69: =VLOOKUP($C52,'2026年度(M1後期)'!$B$5:$N$207,COLUMN('2026年度(M1後期)'!$I$5),0)&"" -> 感染症学特論 感染症学演習 成育看護学特論A-Ⅲ | O69: =VLOOKUP($C52,'2026年度(M2後期)'!$B$5:$N$207,COLUMN('2026年度(M2後期)'!$I$5),0)&"" -> 特別研究 | Q69: =VLOOKUP($C52,'2026年度(D1後期)'!$B$5:$N$207,COLUMN('2026年度(D1後期)'!$I$5),0)&"" | S69: =VLOOKUP($C52,'2026年度(D23後期)'!$B$5:$N$207,COLUMN('2026年度(D23後期)'!$I$5),0)&"" -> 特別研究 | U69: 田村先生 | Z69: =A69 -> ４時限（15：10～16：40） | AA69: 中国語 | AG69: 富山県立小杉高校訪問 | AM69: 母性看護学実習（自主練） | AZ69: 助産管理論 | BN69: 看護情報学
B70: 教 官 | C70: =IFERROR(VLOOKUP(C69,科目・教員!$A$2:$B$342,2,0),"") -> 黄 馨逸 | E70: =IFERROR(VLOOKUP(E69,科目・教員!$A$2:$B$342,2,0),"") -> 森下 純子 | G70: =IFERROR(VLOOKUP(G69,科目・教員!$A$2:$B$342,2,0),"") | I70: =IFERROR(VLOOKUP(I69,科目・教員!$A$2:$B$342,2,0),"") -> 柏木 公一 | K70: =IFERROR(VLOOKUP(K69,科目・教員!$A$2:$B$342,2,0),"") | M70: =IFERROR(VLOOKUP(M69,科目・教員!$A$2:$B$342,2,0),"") | O70: =IFERROR(VLOOKUP(O69,科目・教員!$A$2:$B$342,2,0),"") | Q70: =IFERROR(VLOOKUP(Q69,科目・教員!$A$2:$B$342,2,0),"") | S70: =IFERROR(VLOOKUP(S69,科目・教員!$A$2:$B$342,2,0),"") | U70: 201教室
B71: 使用教室 | C71: =VLOOKUP($C52,'2026年度(1年後期)'!$B$5:$N$207,COLUMN('2026年度(1年後期)'!$I$5)+1,0)&"" -> 101 | E71: =VLOOKUP($C52,'2026年度(2年後期)'!$B$5:$N$207,COLUMN('2026年度(2年後期)'!$I$5)+1,0)&"" | G71: =VLOOKUP($C52,'2026年度(3年後期)'!$B$5:$N$207,COLUMN('2026年度(3年後期)'!$I$5)+1,0)&"" | I71: =VLOOKUP($C52,'2026年度(4年後期)'!$B$5:$N$206,COLUMN('2026年度(4年後期)'!$I$5)+1,0)&"" -> 大講義室 | K71: =VLOOKUP($C52,'2026年度(助産後期)'!$B$5:$N$207,COLUMN('2026年度(助産後期)'!$I$5)+1,0)&"" -> 304 | M71: =VLOOKUP($C52,'2026年度(M1後期)'!$B$5:$N$207,COLUMN('2026年度(M1後期)'!$I$5)+1,0)&"" | O71: =VLOOKUP($C52,'2026年度(M2後期)'!$B$5:$N$207,COLUMN('2026年度(M2後期)'!$I$5)+1,0)&"" | Q71: =VLOOKUP($C52,'2026年度(D1後期)'!$B$5:$N$207,COLUMN('2026年度(D1後期)'!$I$5)+1,0)&"" | S71: =VLOOKUP($C52,'2026年度(D23後期)'!$B$5:$N$207,COLUMN('2026年度(D23後期)'!$I$5)+1,0)&""
B72: 備 考 | C72: 非常勤講師控室A | K72: 非常勤講師控室B
A73: ５時限（16：50～18：20） | B73: 科目名 | C73: =VLOOKUP($C52,'2026年度(1年後期)'!$B$5:$N$207,COLUMN('2026年度(1年後期)'!$K$5),0)&"" -> 中国語 | E73: =VLOOKUP($C52,'2026年度(2年後期)'!$B$5:$N$207,COLUMN('2026年度(2年後期)'!$K$5),0)&"" | G73: =VLOOKUP($C52,'2026年度(3年後期)'!$B$5:$N$207,COLUMN('2026年度(3年後期)'!$K$5),0)&"" | I73: =VLOOKUP($C52,'2026年度(4年後期)'!$B$5:$N$206,COLUMN('2026年度(4年後期)'!$K$5),0)&"" | K73: =VLOOKUP($C52,'2026年度(助産後期)'!$B$5:$N$207,COLUMN('2026年度(助産後期)'!$K$5),0)&"" | M73: =VLOOKUP($C52,'2026年度(M1後期)'!$B$5:$N$207,COLUMN('2026年度(M1後期)'!$K$5),0)&"" | O73: =VLOOKUP($C52,'2026年度(M2後期)'!$B$5:$N$207,COLUMN('2026年度(M2後期)'!$K$5),0)&"" | Q73: =VLOOKUP($C52,'2026年度(D1後期)'!$B$5:$N$207,COLUMN('2026年度(D1後期)'!$K$5),0)&"" | S73: =VLOOKUP($C52,'2026年度(D23後期)'!$B$5:$N$207,COLUMN('2026年度(D23後期)'!$K$5),0)&"" | Z73: =A73 -> ５時限（16：50～18：20） | AA73: 中国語 | AM73: 母性看護学実習（自主練）
B74: 教 官 | C74: =IFERROR(VLOOKUP(C73,科目・教員!$A$2:$B$342,2,0),"") -> 黄 馨逸 | E74: =IFERROR(VLOOKUP(E73,科目・教員!$A$2:$B$342,2,0),"") | G74: =IFERROR(VLOOKUP(G73,科目・教員!$A$2:$B$342,2,0),"") | I74: =IFERROR(VLOOKUP(I73,科目・教員!$A$2:$B$342,2,0),"") | K74: =IFERROR(VLOOKUP(K73,科目・教員!$A$2:$B$342,2,0),"") | M74: =IFERROR(VLOOKUP(M73,科目・教員!$A$2:$B$342,2,0),"") | O74: =IFERROR(VLOOKUP(O73,科目・教員!$A$2:$B$342,2,0),"") | Q74: =IFERROR(VLOOKUP(Q73,科目・教員!$A$2:$B$342,2,0),"") | S74: =IFERROR(VLOOKUP(S73,科目・教員!$A$2:$B$342,2,0),"")
B75: 使用教室 | C75: =VLOOKUP($C52,'2026年度(1年後期)'!$B$5:$N$207,COLUMN('2026年度(1年後期)'!$K$5)+1,0)&"" -> 101 | E75: =VLOOKUP($C52,'2026年度(2年後期)'!$B$5:$N$207,COLUMN('2026年度(2年後期)'!$K$5)+1,0)&"" | G75: =VLOOKUP($C52,'2026年度(3年後期)'!$B$5:$N$207,COLUMN('2026年度(3年後期)'!$K$5)+1,0)&"" | I75: =VLOOKUP($C52,'2026年度(4年後期)'!$B$5:$N$206,COLUMN('2026年度(4年後期)'!$K$5)+1,0)&"" | K75: =VLOOKUP($C52,'2026年度(助産後期)'!$B$5:$N$207,COLUMN('2026年度(助産後期)'!$K$5)+1,0)&"" | M75: =VLOOKUP($C52,'2026年度(M1後期)'!$B$5:$N$207,COLUMN('2026年度(M1後期)'!$K$5)+1,0)&"" | O75: =VLOOKUP($C52,'2026年度(M2後期)'!$B$5:$N$207,COLUMN('2026年度(M2後期)'!$K$5)+1,0)&"" | Q75: =VLOOKUP($C52,'2026年度(D1後期)'!$B$5:$N$207,COLUMN('2026年度(D1後期)'!$K$5)+1,0)&"" | S75: =VLOOKUP($C52,'2026年度(D23後期)'!$B$5:$N$207,COLUMN('2026年度(D23後期)'!$K$5)+1,0)&""
B76: 備 考 | C76: 非常勤講師控室A
C77: =C52+1 -> 46360 | U77: =C77 -> 46360 | AA77: 101 | AB77: 102 | AC77: 103 | AD77: 在宅実習室 | AE77: 成人実習室 | AF77: 講堂 | AG77: 201 | AH77: 202 | AI77: 203 | AJ77: 204 | AK77: 205 | AL77: 基礎実習室 | AM77: 母性・小児実習室 | AN77: 演習21 | AO77: 演習22 | AP77: 演習23 | AQ77: 演習24 | AR77: 演習25 | AS77: 演習26 | AT77: 演習27 | AU77: 演習28 | AV77: 演習29 | AW77: 301 | AX77: 302 | AY77: 303 | AZ77: 304 | BA77: 臨床１ | BB77: 臨床２ | BC77: LL1 | BD77: LL2 | BE77: 実験室 | BF77: 情報処理室 | BG77: 演習31 | BH77: 演習32 | BI77: セミナー室１ | BJ77: セミナー室２ | BK77: セミナー室3 | BL77: セミナー室4 | BM77: セミナー室5 | BN77: 大講義室 | BO77: アリーナ | BP77: 研修１ | BQ77: 研修３ | BR77: 研修４ | BS77: 研修５ | BT77: 研修６ | BU77: 研修７ | BV77: 視聴覚室
A78: １時限（09：20～10：50） | B78: 科目名 | C78: =VLOOKUP($C77,'2026年度(1年後期)'!$B$5:$N$207,COLUMN('2026年度(1年後期)'!$C$5),0)&"" -> 法と社会 | E78: =VLOOKUP($C77,'2026年度(2年後期)'!$B$5:$N$207,COLUMN('2026年度(2年後期)'!$C$5),0)&"" -> 基礎看護学実習Ⅱ | G78: =VLOOKUP($C77,'2026年度(3年後期)'!$B$5:$N$207,COLUMN('2026年度(3年後期)'!$C$5),0)&"" -> 領域別実習 | I78: =VLOOKUP($C77,'2026年度(4年後期)'!$B$5:$N$206,COLUMN('2026年度(4年後期)'!$C$5),0)&"" -> 看護管理論 | K78: =VLOOKUP($C77,'2026年度(助産後期)'!$B$5:$N$207,COLUMN('2026年度(助産後期)'!$C$5),0)&"" | M78: =VLOOKUP($C77,'2026年度(M1後期)'!$B$5:$N$207,COLUMN('2026年度(M1後期)'!$C$5),0)&"" | O78: =VLOOKUP($C77,'2026年度(M2後期)'!$B$5:$N$207,COLUMN('2026年度(M2後期)'!$C$5),0)&"" -> 感染管理看護学演習A-Ⅱ 特別研究 | Q78: =VLOOKUP($C77,'2026年度(D1後期)'!$B$5:$N$207,COLUMN('2026年度(D1後期)'!$C$5),0)&"" -> 精神看護学演習Ｂ | S78: =VLOOKUP($C77,'2026年度(D23後期)'!$B$5:$N$207,COLUMN('2026年度(D23後期)'!$C$5),0)&"" -> 特別研究 | V78: ９：0０～17：00 | Z78: =A78 -> １時限（09：20～10：50） | AA78: 法と社会 | AG78: 母性看護学実習 | AH78: 小児看護学実習 | AM78: 母性看護学実習（自主練） | AW78: 看護管理論
B79: 教 官 | C79: =IFERROR(VLOOKUP(C78,科目・教員!$A$2:$B$342,2,0),"") -> 渡辺 幹司 | E79: =IFERROR(VLOOKUP(E78,科目・教員!$A$2:$B$342,2,0),"") -> 森下 純子 | G79: =IFERROR(VLOOKUP(G78,科目・教員!$A$2:$B$342,2,0),"") | I79: =IFERROR(VLOOKUP(I78,科目・教員!$A$2:$B$342,2,0),"") -> 小澤 三枝子 | K79: =IFERROR(VLOOKUP(K78,科目・教員!$A$2:$B$342,2,0),"") | M79: =IFERROR(VLOOKUP(M78,科目・教員!$A$2:$B$342,2,0),"") | O79: =IFERROR(VLOOKUP(O78,科目・教員!$A$2:$B$342,2,0),"") | Q79: =IFERROR(VLOOKUP(Q78,科目・教員!$A$2:$B$342,2,0),"") | S79: =IFERROR(VLOOKUP(S78,科目・教員!$A$2:$B$342,2,0),"") | V79: 母性看護学実習（自主練）
B80: 使用教室 | C80: =VLOOKUP($C77,'2026年度(1年後期)'!$B$5:$N$207,COLUMN('2026年度(1年後期)'!$C$5)+1,0)&"" -> 101 | E80: =VLOOKUP($C77,'2026年度(2年後期)'!$B$5:$N$207,COLUMN('2026年度(2年後期)'!$C$5)+1,0)&"" | G80: =VLOOKUP($C77,'2026年度(3年後期)'!$B$5:$N$207,COLUMN('2026年度(3年後期)'!$C$5)+1,0)&"" -> 小児:202 母性:201 | I80: =VLOOKUP($C77,'2026年度(4年後期)'!$B$5:$N$206,COLUMN('2026年度(4年後期)'!$C$5)+1,0)&"" -> 301 | K80: =VLOOKUP($C77,'2026年度(助産後期)'!$B$5:$N$207,COLUMN('2026年度(助産後期)'!$C$5)+1,0)&"" | M80: =VLOOKUP($C77,'2026年度(M1後期)'!$B$5:$N$207,COLUMN('2026年度(M1後期)'!$C$5)+1,0)&"" | O80: =VLOOKUP($C77,'2026年度(M2後期)'!$B$5:$N$207,COLUMN('2026年度(M2後期)'!$C$5)+1,0)&"" | Q80: =VLOOKUP($C77,'2026年度(D1後期)'!$B$5:$N$207,COLUMN('2026年度(D1後期)'!$C$5)+1,0)&"" | S80: =VLOOKUP($C77,'2026年度(D23後期)'!$B$5:$N$207,COLUMN('2026年度(D23後期)'!$C$5)+1,0)&"" | V80: 齋藤先生
B81: 備 考 | V81: 母性小児看護実習室
A82: ２時限（11：00～12：30） | B82: 科目名 | C82: =VLOOKUP($C77,'2026年度(1年後期)'!$B$5:$N$207,COLUMN('2026年度(1年後期)'!$E$5),0)&"" -> 保健行動論 | E82: =VLOOKUP($C77,'2026年度(2年後期)'!$B$5:$N$207,COLUMN('2026年度(2年後期)'!$E$5),0)&"" -> 基礎看護学実習Ⅱ | G82: =VLOOKUP($C77,'2026年度(3年後期)'!$B$5:$N$207,COLUMN('2026年度(3年後期)'!$E$5),0)&"" -> 領域別実習 | I82: =VLOOKUP($C77,'2026年度(4年後期)'!$B$5:$N$206,COLUMN('2026年度(4年後期)'!$E$5),0)&"" -> 医療政策学 | K82: =VLOOKUP($C77,'2026年度(助産後期)'!$B$5:$N$207,COLUMN('2026年度(助産後期)'!$E$5),0)&"" | M82: =VLOOKUP($C77,'2026年度(M1後期)'!$B$5:$N$207,COLUMN('2026年度(M1後期)'!$E$5),0)&"" | O82: =VLOOKUP($C77,'2026年度(M2後期)'!$B$5:$N$207,COLUMN('2026年度(M2後期)'!$E$5),0)&"" -> 感染管理看護学演習A-Ⅱ 特別研究 | Q82: =VLOOKUP($C77,'2026年度(D1後期)'!$B$5:$N$207,COLUMN('2026年度(D1後期)'!$E$5),0)&"" -> 精神看護学演習Ｂ | S82: =VLOOKUP($C77,'2026年度(D23後期)'!$B$5:$N$207,COLUMN('2026年度(D23後期)'!$E$5),0)&"" -> 特別研究 | Z82: =A82 -> ２時限（11：00～12：30） | AA82: 保健行動論 | AG82: 母性看護学実習 | AH82: 小児看護学実習 | AM82: 母性看護学実習（自主練） | AW82: 医療政策学
B83: 教 官 | C83: =IFERROR(VLOOKUP(C82,科目・教員!$A$2:$B$342,2,0),"") -> 藤澤 雄太 | E83: =IFERROR(VLOOKUP(E82,科目・教員!$A$2:$B$342,2,0),"") -> 森下 純子 | G83: =IFERROR(VLOOKUP(G82,科目・教員!$A$2:$B$342,2,0),"") | I83: =IFERROR(VLOOKUP(I82,科目・教員!$A$2:$B$342,2,0),"") -> 渡辺 幹司 | K83: =IFERROR(VLOOKUP(K82,科目・教員!$A$2:$B$342,2,0),"") | M83: =IFERROR(VLOOKUP(M82,科目・教員!$A$2:$B$342,2,0),"") | O83: =IFERROR(VLOOKUP(O82,科目・教員!$A$2:$B$342,2,0),"") | Q83: =IFERROR(VLOOKUP(Q82,科目・教員!$A$2:$B$342,2,0),"") | S83: =IFERROR(VLOOKUP(S82,科目・教員!$A$2:$B$342,2,0),"")
B84: 使用教室 | C84: =VLOOKUP($C77,'2026年度(1年後期)'!$B$5:$N$207,COLUMN('2026年度(1年後期)'!$E$5)+1,0)&"" -> 101 | E84: =VLOOKUP($C77,'2026年度(2年後期)'!$B$5:$N$207,COLUMN('2026年度(2年後期)'!$E$5)+1,0)&"" | G84: =VLOOKUP($C77,'2026年度(3年後期)'!$B$5:$N$207,COLUMN('2026年度(3年後期)'!$E$5)+1,0)&"" -> 小児:202 母性:201 | I84: =VLOOKUP($C77,'2026年度(4年後期)'!$B$5:$N$206,COLUMN('2026年度(4年後期)'!$E$5)+1,0)&"" -> 301 | K84: =VLOOKUP($C77,'2026年度(助産後期)'!$B$5:$N$207,COLUMN('2026年度(助産後期)'!$E$5)+1,0)&"" | M84: =VLOOKUP($C77,'2026年度(M1後期)'!$B$5:$N$207,COLUMN('2026年度(M1後期)'!$E$5)+1,0)&"" | O84: =VLOOKUP($C77,'2026年度(M2後期)'!$B$5:$N$207,COLUMN('2026年度(M2後期)'!$E$5)+1,0)&"" | Q84: =VLOOKUP($C77,'2026年度(D1後期)'!$B$5:$N$207,COLUMN('2026年度(D1後期)'!$E$5)+1,0)&"" | S84: =VLOOKUP($C77,'2026年度(D23後期)'!$B$5:$N$207,COLUMN('2026年度(D23後期)'!$E$5)+1,0)&""
B85: 備 考
A86: 昼休み（12：30～13：30） | B86: 活動名 | Z86: =A86 -> 昼休み（12：30～13：30） | AM86: 母性看護学実習（自主練）
B87: 責任者
B88: 使用教室
B89: 備 考
A90: ３時限（13：30～15：00） | B90: 科目名 | C90: =VLOOKUP($C77,'2026年度(1年後期)'!$B$5:$N$207,COLUMN('2026年度(1年後期)'!$G$5),0)&"" -> スポーツと健康 | E90: =VLOOKUP($C77,'2026年度(2年後期)'!$B$5:$N$207,COLUMN('2026年度(2年後期)'!$G$5),0)&"" -> 基礎看護学実習Ⅱ | G90: =VLOOKUP($C77,'2026年度(3年後期)'!$B$5:$N$207,COLUMN('2026年度(3年後期)'!$G$5),0)&"" -> 領域別実習 | I90: =VLOOKUP($C77,'2026年度(4年後期)'!$B$5:$N$206,COLUMN('2026年度(4年後期)'!$G$5),0)&"" -> 災害看護論 | K90: =VLOOKUP($C77,'2026年度(助産後期)'!$B$5:$N$207,COLUMN('2026年度(助産後期)'!$G$5),0)&"" | M90: =VLOOKUP($C77,'2026年度(M1後期)'!$B$5:$N$207,COLUMN('2026年度(M1後期)'!$G$5),0)&"" | O90: =VLOOKUP($C77,'2026年度(M2後期)'!$B$5:$N$207,COLUMN('2026年度(M2後期)'!$G$5),0)&"" -> 特別研究 | Q90: =VLOOKUP($C77,'2026年度(D1後期)'!$B$5:$N$207,COLUMN('2026年度(D1後期)'!$G$5),0)&"" | S90: =VLOOKUP($C77,'2026年度(D23後期)'!$B$5:$N$207,COLUMN('2026年度(D23後期)'!$G$5),0)&"" -> 特別研究 | Z90: =A90 -> ３時限（13：30～15：00） | AH90: 小児看護学実習 | AM90: 母性看護学実習（自主練） | AW90: 災害看護論 | BN90: スポーツと健康 | BO90: スポーツと健康
B91: 教 官 | C91: =IFERROR(VLOOKUP(C90,科目・教員!$A$2:$B$342,2,0),"") -> 有賀 雅史 | E91: =IFERROR(VLOOKUP(E90,科目・教員!$A$2:$B$342,2,0),"") -> 森下 純子 | G91: =IFERROR(VLOOKUP(G90,科目・教員!$A$2:$B$342,2,0),"") | I91: =IFERROR(VLOOKUP(I90,科目・教員!$A$2:$B$342,2,0),"") -> 須藤 恭子 | K91: =IFERROR(VLOOKUP(K90,科目・教員!$A$2:$B$342,2,0),"") | M91: =IFERROR(VLOOKUP(M90,科目・教員!$A$2:$B$342,2,0),"") | O91: =IFERROR(VLOOKUP(O90,科目・教員!$A$2:$B$342,2,0),"") | Q91: =IFERROR(VLOOKUP(Q90,科目・教員!$A$2:$B$342,2,0),"") | S91: =IFERROR(VLOOKUP(S90,科目・教員!$A$2:$B$342,2,0),"")
B92: 使用教室 | C92: =VLOOKUP($C77,'2026年度(1年後期)'!$B$5:$N$207,COLUMN('2026年度(1年後期)'!$G$5)+1,0)&"" -> グラウンド･ アリーナ･ 大講義室 | E92: =VLOOKUP($C77,'2026年度(2年後期)'!$B$5:$N$207,COLUMN('2026年度(2年後期)'!$G$5)+1,0)&"" | G92: =VLOOKUP($C77,'2026年度(3年後期)'!$B$5:$N$207,COLUMN('2026年度(3年後期)'!$G$5)+1,0)&"" -> 小児:202 | I92: =VLOOKUP($C77,'2026年度(4年後期)'!$B$5:$N$206,COLUMN('2026年度(4年後期)'!$G$5)+1,0)&"" -> 301 | K92: =VLOOKUP($C77,'2026年度(助産後期)'!$B$5:$N$207,COLUMN('2026年度(助産後期)'!$G$5)+1,0)&"" | M92: =VLOOKUP($C77,'2026年度(M1後期)'!$B$5:$N$207,COLUMN('2026年度(M1後期)'!$G$5)+1,0)&"" | O92: =VLOOKUP($C77,'2026年度(M2後期)'!$B$5:$N$207,COLUMN('2026年度(M2後期)'!$G$5)+1,0)&"" | Q92: =VLOOKUP($C77,'2026年度(D1後期)'!$B$5:$N$207,COLUMN('2026年度(D1後期)'!$G$5)+1,0)&"" | S92: =VLOOKUP($C77,'2026年度(D23後期)'!$B$5:$N$207,COLUMN('2026年度(D23後期)'!$G$5)+1,0)&""
B93: 備 考 | C93: 体育棟 準備室
A94: ４時限（15：10～16：40） | B94: 科目名 | C94: =VLOOKUP($C77,'2026年度(1年後期)'!$B$5:$N$207,COLUMN('2026年度(1年後期)'!$I$5),0)&"" -> スポーツと健康 | E94: =VLOOKUP($C77,'2026年度(2年後期)'!$B$5:$N$207,COLUMN('2026年度(2年後期)'!$I$5),0)&"" -> 基礎看護学実習Ⅱ | G94: =VLOOKUP($C77,'2026年度(3年後期)'!$B$5:$N$207,COLUMN('2026年度(3年後期)'!$I$5),0)&"" -> 領域別実習 | I94: =VLOOKUP($C77,'2026年度(4年後期)'!$B$5:$N$206,COLUMN('2026年度(4年後期)'!$I$5),0)&"" | K94: =VLOOKUP($C77,'2026年度(助産後期)'!$B$5:$N$207,COLUMN('2026年度(助産後期)'!$I$5),0)&"" -> 地域母子保健 | M94: =VLOOKUP($C77,'2026年度(M1後期)'!$B$5:$N$207,COLUMN('2026年度(M1後期)'!$I$5),0)&"" | O94: =VLOOKUP($C77,'2026年度(M2後期)'!$B$5:$N$207,COLUMN('2026年度(M2後期)'!$I$5),0)&"" -> 特別研究 | Q94: =VLOOKUP($C77,'2026年度(D1後期)'!$B$5:$N$207,COLUMN('2026年度(D1後期)'!$I$5),0)&"" | S94: =VLOOKUP($C77,'2026年度(D23後期)'!$B$5:$N$207,COLUMN('2026年度(D23後期)'!$I$5),0)&"" -> 特別研究 | Z94: =A94 -> ４時限（15：10～16：40） | AM94: 母性看護学実習（自主練） | AZ94: 地域母子保健 | BN94: スポーツと健康 | BO94: スポーツと健康
B95: 教 官 | C95: =IFERROR(VLOOKUP(C94,科目・教員!$A$2:$B$342,2,0),"") -> 有賀 雅史 | E95: =IFERROR(VLOOKUP(E94,科目・教員!$A$2:$B$342,2,0),"") -> 森下 純子 | G95: =IFERROR(VLOOKUP(G94,科目・教員!$A$2:$B$342,2,0),"") | I95: =IFERROR(VLOOKUP(I94,科目・教員!$A$2:$B$342,2,0),"") | K95: =IFERROR(VLOOKUP(K94,科目・教員!$A$2:$B$342,2,0),"") -> 池田 真弓 | M95: =IFERROR(VLOOKUP(M94,科目・教員!$A$2:$B$342,2,0),"") | O95: =IFERROR(VLOOKUP(O94,科目・教員!$A$2:$B$342,2,0),"") | Q95: =IFERROR(VLOOKUP(Q94,科目・教員!$A$2:$B$342,2,0),"") | S95: =IFERROR(VLOOKUP(S94,科目・教員!$A$2:$B$342,2,0),"")
B96: 使用教室 | C96: =VLOOKUP($C77,'2026年度(1年後期)'!$B$5:$N$207,COLUMN('2026年度(1年後期)'!$I$5)+1,0)&"" -> グラウンド･ アリーナ･ 大講義室 | E96: =VLOOKUP($C77,'2026年度(2年後期)'!$B$5:$N$207,COLUMN('2026年度(2年後期)'!$I$5)+1,0)&"" | G96: =VLOOKUP($C77,'2026年度(3年後期)'!$B$5:$N$207,COLUMN('2026年度(3年後期)'!$I$5)+1,0)&"" | I96: =VLOOKUP($C77,'2026年度(4年後期)'!$B$5:$N$206,COLUMN('2026年度(4年後期)'!$I$5)+1,0)&"" | K96: =VLOOKUP($C77,'2026年度(助産後期)'!$B$5:$N$207,COLUMN('2026年度(助産後期)'!$I$5)+1,0)&"" -> 304 | M96: =VLOOKUP($C77,'2026年度(M1後期)'!$B$5:$N$207,COLUMN('2026年度(M1後期)'!$I$5)+1,0)&"" | O96: =VLOOKUP($C77,'2026年度(M2後期)'!$B$5:$N$207,COLUMN('2026年度(M2後期)'!$I$5)+1,0)&"" | Q96: =VLOOKUP($C77,'2026年度(D1後期)'!$B$5:$N$207,COLUMN('2026年度(D1後期)'!$I$5)+1,0)&"" | S96: =VLOOKUP($C77,'2026年度(D23後期)'!$B$5:$N$207,COLUMN('2026年度(D23後期)'!$I$5)+1,0)&""
B97: 備 考 | C97: 体育棟 準備室
A98: ５時限（16：50～18：20） | B98: 科目名 | C98: =VLOOKUP($C77,'2026年度(1年後期)'!$B$5:$N$207,COLUMN('2026年度(1年後期)'!$K$5),0)&"" -> 脳と行動 | E98: =VLOOKUP($C77,'2026年度(2年後期)'!$B$5:$N$207,COLUMN('2026年度(2年後期)'!$K$5),0)&"" | G98: =VLOOKUP($C77,'2026年度(3年後期)'!$B$5:$N$207,COLUMN('2026年度(3年後期)'!$K$5),0)&"" | I98: =VLOOKUP($C77,'2026年度(4年後期)'!$B$5:$N$206,COLUMN('2026年度(4年後期)'!$K$5),0)&"" | K98: =VLOOKUP($C77,'2026年度(助産後期)'!$B$5:$N$207,COLUMN('2026年度(助産後期)'!$K$5),0)&"" | M98: =VLOOKUP($C77,'2026年度(M1後期)'!$B$5:$N$207,COLUMN('2026年度(M1後期)'!$K$5),0)&"" | O98: =VLOOKUP($C77,'2026年度(M2後期)'!$B$5:$N$207,COLUMN('2026年度(M2後期)'!$K$5),0)&"" | Q98: =VLOOKUP($C77,'2026年度(D1後期)'!$B$5:$N$207,COLUMN('2026年度(D1後期)'!$K$5),0)&"" | S98: =VLOOKUP($C77,'2026年度(D23後期)'!$B$5:$N$207,COLUMN('2026年度(D23後期)'!$K$5),0)&"" | Z98: =A98 -> ５時限（16：50～18：20） | AM98: 母性看護学実習（自主練）
B99: 教 官 | C99: =IFERROR(VLOOKUP(C98,科目・教員!$A$2:$B$342,2,0),"") -> 田中 健一 | E99: =IFERROR(VLOOKUP(E98,科目・教員!$A$2:$B$342,2,0),"") | G99: =IFERROR(VLOOKUP(G98,科目・教員!$A$2:$B$342,2,0),"") | I99: =IFERROR(VLOOKUP(I98,科目・教員!$A$2:$B$342,2,0),"") | K99: =IFERROR(VLOOKUP(K98,科目・教員!$A$2:$B$342,2,0),"") | M99: =IFERROR(VLOOKUP(M98,科目・教員!$A$2:$B$342,2,0),"") | O99: =IFERROR(VLOOKUP(O98,科目・教員!$A$2:$B$342,2,0),"") | Q99: =IFERROR(VLOOKUP(Q98,科目・教員!$A$2:$B$342,2,0),"") | S99: =IFERROR(VLOOKUP(S98,科目・教員!$A$2:$B$342,2,0),"")
B100: 使用教室 | C100: =VLOOKUP($C77,'2026年度(1年後期)'!$B$5:$N$207,COLUMN('2026年度(1年後期)'!$K$5)+1,0)&"" -> オンデマンド | E100: =VLOOKUP($C77,'2026年度(2年後期)'!$B$5:$N$207,COLUMN('2026年度(2年後期)'!$K$5)+1,0)&"" | G100: =VLOOKUP($C77,'2026年度(3年後期)'!$B$5:$N$207,COLUMN('2026年度(3年後期)'!$K$5)+1,0)&"" | I100: =VLOOKUP($C77,'2026年度(4年後期)'!$B$5:$N$206,COLUMN('2026年度(4年後期)'!$K$5)+1,0)&"" | K100: =VLOOKUP($C77,'2026年度(助産後期)'!$B$5:$N$207,COLUMN('2026年度(助産後期)'!$K$5)+1,0)&"" | M100: =VLOOKUP($C77,'2026年度(M1後期)'!$B$5:$N$207,COLUMN('2026年度(M1後期)'!$K$5)+1,0)&"" | O100: =VLOOKUP($C77,'2026年度(M2後期)'!$B$5:$N$207,COLUMN('2026年度(M2後期)'!$K$5)+1,0)&"" | Q100: =VLOOKUP($C77,'2026年度(D1後期)'!$B$5:$N$207,COLUMN('2026年度(D1後期)'!$K$5)+1,0)&"" | S100: =VLOOKUP($C77,'2026年度(D23後期)'!$B$5:$N$207,COLUMN('2026年度(D23後期)'!$K$5)+1,0)&""
...

Sheet 2027年1月
A1: 46388 | C1: １年 | E1: ２年 | G1: ３年 | I1: ４年 | K1: 助産 | M1: 研究課程部 Ｍ１ | O1: 研究課程部 Ｍ２ | Q1: 研究課程部 Ｄ１ | S1: 研究課程部 Ｄ２３ | U1: =A1 -> 46388 | V1: 授業外その他教室等管理スケジュール | AA1: １階 | AG1: ２階 | AW1: ３階 | BI1: ４階 | BN1: 体育棟 | BP1: 研修棟
C2: =A1 -> 46388 | U2: =C2 -> 46388 | AA2: 101 | AB2: 102 | AC2: 103 | AD2: 在宅実習室 | AE2: 成人実習室 | AF2: 講堂 | AG2: 201 | AH2: 202 | AI2: 203 | AJ2: 204 | AK2: 205 | AL2: 基礎実習室 | AM2: 母性・小児実習室 | AN2: 演習21 | AO2: 演習22 | AP2: 演習23 | AQ2: 演習24 | AR2: 演習25 | AS2: 演習26 | AT2: 演習27 | AU2: 演習28 | AV2: 演習29 | AW2: 301 | AX2: 302 | AY2: 303 | AZ2: 304 | BA2: 臨床１ | BB2: 臨床２ | BC2: LL1 | BD2: LL2 | BE2: 実験室 | BF2: 情報処理室 | BG2: 演習31 | BH2: 演習32 | BI2: セミナー室１ | BJ2: セミナー室２ | BK2: セミナー室3 | BL2: セミナー室4 | BM2: セミナー室5 | BN2: 大講義室 | BO2: アリーナ | BP2: 研修１ | BQ2: 研修３ | BR2: 研修４ | BS2: 研修５ | BT2: 研修６ | BU2: 研修７ | BV2: 視聴覚室
A3: １時限（09：20～10：50） | B3: 科目名 | C3: =VLOOKUP($C2,'2026年度(1年後期)'!$B$5:$N$207,COLUMN('2026年度(1年後期)'!$C$5),0)&"" | E3: =VLOOKUP($C2,'2026年度(2年後期)'!$B$5:$N$207,COLUMN('2026年度(2年後期)'!$C$5),0)&"" | G3: =VLOOKUP($C2,'2026年度(3年後期)'!$B$5:$N$207,COLUMN('2026年度(3年後期)'!$C$5),0)&"" | I3: =VLOOKUP($C2,'2026年度(4年後期)'!$B$5:$N$206,COLUMN('2026年度(4年後期)'!$C$5),0)&"" | K3: =VLOOKUP($C2,'2026年度(助産後期)'!$B$5:$N$207,COLUMN('2026年度(助産後期)'!$C$5),0)&"" | M3: =VLOOKUP($C2,'2026年度(M1後期)'!$B$5:$N$207,COLUMN('2026年度(M1後期)'!$C$5),0)&"" | O3: =VLOOKUP($C2,'2026年度(M2後期)'!$B$5:$N$207,COLUMN('2026年度(M2後期)'!$C$5),0)&"" | Q3: =VLOOKUP($C2,'2026年度(D1後期)'!$B$5:$N$207,COLUMN('2026年度(D1後期)'!$C$5),0)&"" | S3: =VLOOKUP($C2,'2026年度(D23後期)'!$B$5:$N$207,COLUMN('2026年度(D23後期)'!$C$5),0)&"" | Z3: =A3 -> １時限（09：20～10：50）
B4: 教 官 | C4: =IFERROR(VLOOKUP(C3,科目・教員!$A$2:$B$342,2,0),"") | E4: =IFERROR(VLOOKUP(E3,科目・教員!$A$2:$B$342,2,0),"") | G4: =IFERROR(VLOOKUP(G3,科目・教員!$A$2:$B$342,2,0),"") | I4: =IFERROR(VLOOKUP(I3,科目・教員!$A$2:$B$342,2,0),"") | K4: =IFERROR(VLOOKUP(K3,科目・教員!$A$2:$B$342,2,0),"") | M4: =IFERROR(VLOOKUP(M3,科目・教員!$A$2:$B$342,2,0),"") | O4: =IFERROR(VLOOKUP(O3,科目・教員!$A$2:$B$342,2,0),"") | Q4: =IFERROR(VLOOKUP(Q3,科目・教員!$A$2:$B$342,2,0),"") | S4: =IFERROR(VLOOKUP(S3,科目・教員!$A$2:$B$342,2,0),"")
B5: 使用教室 | C5: =VLOOKUP($C2,'2026年度(1年後期)'!$B$5:$N$207,COLUMN('2026年度(1年後期)'!$C$5)+1,0)&"" | E5: =VLOOKUP($C2,'2026年度(2年後期)'!$B$5:$N$207,COLUMN('2026年度(2年後期)'!$C$5)+1,0)&"" | G5: =VLOOKUP($C2,'2026年度(3年後期)'!$B$5:$N$207,COLUMN('2026年度(3年後期)'!$C$5)+1,0)&"" | I5: =VLOOKUP($C2,'2026年度(4年後期)'!$B$5:$N$206,COLUMN('2026年度(4年後期)'!$C$5)+1,0)&"" | K5: =VLOOKUP($C2,'2026年度(助産後期)'!$B$5:$N$207,COLUMN('2026年度(助産後期)'!$C$5)+1,0)&"" | M5: =VLOOKUP($C2,'2026年度(M1後期)'!$B$5:$N$207,COLUMN('2026年度(M1後期)'!$C$5)+1,0)&"" | O5: =VLOOKUP($C2,'2026年度(M2後期)'!$B$5:$N$207,COLUMN('2026年度(M2後期)'!$C$5)+1,0)&"" | Q5: =VLOOKUP($C2,'2026年度(D1後期)'!$B$5:$N$207,COLUMN('2026年度(D1後期)'!$C$5)+1,0)&"" | S5: =VLOOKUP($C2,'2026年度(D23後期)'!$B$5:$N$207,COLUMN('2026年度(D23後期)'!$C$5)+1,0)&""
B6: 備 考
A7: ２時限（11：00～12：30） | B7: 科目名 | C7: =VLOOKUP($C2,'2026年度(1年後期)'!$B$5:$N$207,COLUMN('2026年度(1年後期)'!$E$5),0)&"" | E7: =VLOOKUP($C2,'2026年度(2年後期)'!$B$5:$N$207,COLUMN('2026年度(2年後期)'!$E$5),0)&"" | G7: =VLOOKUP($C2,'2026年度(3年後期)'!$B$5:$N$207,COLUMN('2026年度(3年後期)'!$E$5),0)&"" | I7: =VLOOKUP($C2,'2026年度(4年後期)'!$B$5:$N$206,COLUMN('2026年度(4年後期)'!$E$5),0)&"" | K7: =VLOOKUP($C2,'2026年度(助産後期)'!$B$5:$N$207,COLUMN('2026年度(助産後期)'!$E$5),0)&"" | M7: =VLOOKUP($C2,'2026年度(M1後期)'!$B$5:$N$207,COLUMN('2026年度(M1後期)'!$E$5),0)&"" | O7: =VLOOKUP($C2,'2026年度(M2後期)'!$B$5:$N$207,COLUMN('2026年度(M2後期)'!$E$5),0)&"" | Q7: =VLOOKUP($C2,'2026年度(D1後期)'!$B$5:$N$207,COLUMN('2026年度(D1後期)'!$E$5),0)&"" | S7: =VLOOKUP($C2,'2026年度(D23後期)'!$B$5:$N$207,COLUMN('2026年度(D23後期)'!$E$5),0)&"" | Z7: =A7 -> ２時限（11：00～12：30）
B8: 教 官 | C8: =IFERROR(VLOOKUP(C7,科目・教員!$A$2:$B$342,2,0),"") | E8: =IFERROR(VLOOKUP(E7,科目・教員!$A$2:$B$342,2,0),"") | G8: =IFERROR(VLOOKUP(G7,科目・教員!$A$2:$B$342,2,0),"") | I8: =IFERROR(VLOOKUP(I7,科目・教員!$A$2:$B$342,2,0),"") | K8: =IFERROR(VLOOKUP(K7,科目・教員!$A$2:$B$342,2,0),"") | M8: =IFERROR(VLOOKUP(M7,科目・教員!$A$2:$B$342,2,0),"") | O8: =IFERROR(VLOOKUP(O7,科目・教員!$A$2:$B$342,2,0),"") | Q8: =IFERROR(VLOOKUP(Q7,科目・教員!$A$2:$B$342,2,0),"") | S8: =IFERROR(VLOOKUP(S7,科目・教員!$A$2:$B$342,2,0),"")
B9: 使用教室 | C9: =VLOOKUP($C2,'2026年度(1年後期)'!$B$5:$N$207,COLUMN('2026年度(1年後期)'!$E$5)+1,0)&"" | E9: =VLOOKUP($C2,'2026年度(2年後期)'!$B$5:$N$207,COLUMN('2026年度(2年後期)'!$E$5)+1,0)&"" | G9: =VLOOKUP($C2,'2026年度(3年後期)'!$B$5:$N$207,COLUMN('2026年度(3年後期)'!$E$5)+1,0)&"" | I9: =VLOOKUP($C2,'2026年度(4年後期)'!$B$5:$N$206,COLUMN('2026年度(4年後期)'!$E$5)+1,0)&"" | K9: =VLOOKUP($C2,'2026年度(助産後期)'!$B$5:$N$207,COLUMN('2026年度(助産後期)'!$E$5)+1,0)&"" | M9: =VLOOKUP($C2,'2026年度(M1後期)'!$B$5:$N$207,COLUMN('2026年度(M1後期)'!$E$5)+1,0)&"" | O9: =VLOOKUP($C2,'2026年度(M2後期)'!$B$5:$N$207,COLUMN('2026年度(M2後期)'!$E$5)+1,0)&"" | Q9: =VLOOKUP($C2,'2026年度(D1後期)'!$B$5:$N$207,COLUMN('2026年度(D1後期)'!$E$5)+1,0)&"" | S9: =VLOOKUP($C2,'2026年度(D23後期)'!$B$5:$N$207,COLUMN('2026年度(D23後期)'!$E$5)+1,0)&""
B10: 備 考
A11: 昼休み（12：30～13：30） | B11: 活動名 | Z11: =A11 -> 昼休み（12：30～13：30）
B12: 責任者
B13: 使用教室
B14: 備 考
A15: ３時限（13：30～15：00） | B15: 科目名 | C15: =VLOOKUP($C2,'2026年度(1年後期)'!$B$5:$N$207,COLUMN('2026年度(1年後期)'!$G$5),0)&"" | E15: =VLOOKUP($C2,'2026年度(2年後期)'!$B$5:$N$207,COLUMN('2026年度(2年後期)'!$G$5),0)&"" | G15: =VLOOKUP($C2,'2026年度(3年後期)'!$B$5:$N$207,COLUMN('2026年度(3年後期)'!$G$5),0)&"" | I15: =VLOOKUP($C2,'2026年度(4年後期)'!$B$5:$N$206,COLUMN('2026年度(4年後期)'!$G$5),0)&"" | K15: =VLOOKUP($C2,'2026年度(助産後期)'!$B$5:$N$207,COLUMN('2026年度(助産後期)'!$G$5),0)&"" | M15: =VLOOKUP($C2,'2026年度(M1後期)'!$B$5:$N$207,COLUMN('2026年度(M1後期)'!$G$5),0)&"" | O15: =VLOOKUP($C2,'2026年度(M2後期)'!$B$5:$N$207,COLUMN('2026年度(M2後期)'!$G$5),0)&"" | Q15: =VLOOKUP($C2,'2026年度(D1後期)'!$B$5:$N$207,COLUMN('2026年度(D1後期)'!$G$5),0)&"" | S15: =VLOOKUP($C2,'2026年度(D23後期)'!$B$5:$N$207,COLUMN('2026年度(D23後期)'!$G$5),0)&"" | Z15: =A15 -> ３時限（13：30～15：00）
B16: 教 官 | C16: =IFERROR(VLOOKUP(C15,科目・教員!$A$2:$B$342,2,0),"") | E16: =IFERROR(VLOOKUP(E15,科目・教員!$A$2:$B$342,2,0),"") | G16: =IFERROR(VLOOKUP(G15,科目・教員!$A$2:$B$342,2,0),"") | I16: =IFERROR(VLOOKUP(I15,科目・教員!$A$2:$B$342,2,0),"") | K16: =IFERROR(VLOOKUP(K15,科目・教員!$A$2:$B$342,2,0),"") | M16: =IFERROR(VLOOKUP(M15,科目・教員!$A$2:$B$342,2,0),"") | O16: =IFERROR(VLOOKUP(O15,科目・教員!$A$2:$B$342,2,0),"") | Q16: =IFERROR(VLOOKUP(Q15,科目・教員!$A$2:$B$342,2,0),"") | S16: =IFERROR(VLOOKUP(S15,科目・教員!$A$2:$B$342,2,0),"")
B17: 使用教室 | C17: =VLOOKUP($C2,'2026年度(1年後期)'!$B$5:$N$207,COLUMN('2026年度(1年後期)'!$G$5)+1,0)&"" | E17: =VLOOKUP($C2,'2026年度(2年後期)'!$B$5:$N$207,COLUMN('2026年度(2年後期)'!$G$5)+1,0)&"" | G17: =VLOOKUP($C2,'2026年度(3年後期)'!$B$5:$N$207,COLUMN('2026年度(3年後期)'!$G$5)+1,0)&"" | I17: =VLOOKUP($C2,'2026年度(4年後期)'!$B$5:$N$206,COLUMN('2026年度(4年後期)'!$G$5)+1,0)&"" | K17: =VLOOKUP($C2,'2026年度(助産後期)'!$B$5:$N$207,COLUMN('2026年度(助産後期)'!$G$5)+1,0)&"" | M17: =VLOOKUP($C2,'2026年度(M1後期)'!$B$5:$N$207,COLUMN('2026年度(M1後期)'!$G$5)+1,0)&"" | O17: =VLOOKUP($C2,'2026年度(M2後期)'!$B$5:$N$207,COLUMN('2026年度(M2後期)'!$G$5)+1,0)&"" | Q17: =VLOOKUP($C2,'2026年度(D1後期)'!$B$5:$N$207,COLUMN('2026年度(D1後期)'!$G$5)+1,0)&"" | S17: =VLOOKUP($C2,'2026年度(D23後期)'!$B$5:$N$207,COLUMN('2026年度(D23後期)'!$G$5)+1,0)&""
B18: 備 考
A19: ４時限（15：10～16：40） | B19: 科目名 | C19: =VLOOKUP($C2,'2026年度(1年後期)'!$B$5:$N$207,COLUMN('2026年度(1年後期)'!$I$5),0)&"" | E19: =VLOOKUP($C2,'2026年度(2年後期)'!$B$5:$N$207,COLUMN('2026年度(2年後期)'!$I$5),0)&"" | G19: =VLOOKUP($C2,'2026年度(3年後期)'!$B$5:$N$207,COLUMN('2026年度(3年後期)'!$I$5),0)&"" | I19: =VLOOKUP($C2,'2026年度(4年後期)'!$B$5:$N$206,COLUMN('2026年度(4年後期)'!$I$5),0)&"" | K19: =VLOOKUP($C2,'2026年度(助産後期)'!$B$5:$N$207,COLUMN('2026年度(助産後期)'!$I$5),0)&"" | M19: =VLOOKUP($C2,'2026年度(M1後期)'!$B$5:$N$207,COLUMN('2026年度(M1後期)'!$I$5),0)&"" | O19: =VLOOKUP($C2,'2026年度(M2後期)'!$B$5:$N$207,COLUMN('2026年度(M2後期)'!$I$5),0)&"" | Q19: =VLOOKUP($C2,'2026年度(D1後期)'!$B$5:$N$207,COLUMN('2026年度(D1後期)'!$I$5),0)&"" | S19: =VLOOKUP($C2,'2026年度(D23後期)'!$B$5:$N$207,COLUMN('2026年度(D23後期)'!$I$5),0)&"" | Z19: =A19 -> ４時限（15：10～16：40）
B20: 教 官 | C20: =IFERROR(VLOOKUP(C19,科目・教員!$A$2:$B$342,2,0),"") | E20: =IFERROR(VLOOKUP(E19,科目・教員!$A$2:$B$342,2,0),"") | G20: =IFERROR(VLOOKUP(G19,科目・教員!$A$2:$B$342,2,0),"") | I20: =IFERROR(VLOOKUP(I19,科目・教員!$A$2:$B$342,2,0),"") | K20: =IFERROR(VLOOKUP(K19,科目・教員!$A$2:$B$342,2,0),"") | M20: =IFERROR(VLOOKUP(M19,科目・教員!$A$2:$B$342,2,0),"") | O20: =IFERROR(VLOOKUP(O19,科目・教員!$A$2:$B$342,2,0),"") | Q20: =IFERROR(VLOOKUP(Q19,科目・教員!$A$2:$B$342,2,0),"") | S20: =IFERROR(VLOOKUP(S19,科目・教員!$A$2:$B$342,2,0),"")
B21: 使用教室 | C21: =VLOOKUP($C2,'2026年度(1年後期)'!$B$5:$N$207,COLUMN('2026年度(1年後期)'!$I$5)+1,0)&"" | E21: =VLOOKUP($C2,'2026年度(2年後期)'!$B$5:$N$207,COLUMN('2026年度(2年後期)'!$I$5)+1,0)&"" | G21: =VLOOKUP($C2,'2026年度(3年後期)'!$B$5:$N$207,COLUMN('2026年度(3年後期)'!$I$5)+1,0)&"" | I21: =VLOOKUP($C2,'2026年度(4年後期)'!$B$5:$N$206,COLUMN('2026年度(4年後期)'!$I$5)+1,0)&"" | K21: =VLOOKUP($C2,'2026年度(助産後期)'!$B$5:$N$207,COLUMN('2026年度(助産後期)'!$I$5)+1,0)&"" | M21: =VLOOKUP($C2,'2026年度(M1後期)'!$B$5:$N$207,COLUMN('2026年度(M1後期)'!$I$5)+1,0)&"" | O21: =VLOOKUP($C2,'2026年度(M2後期)'!$B$5:$N$207,COLUMN('2026年度(M2後期)'!$I$5)+1,0)&"" | Q21: =VLOOKUP($C2,'2026年度(D1後期)'!$B$5:$N$207,COLUMN('2026年度(D1後期)'!$I$5)+1,0)&"" | S21: =VLOOKUP($C2,'2026年度(D23後期)'!$B$5:$N$207,COLUMN('2026年度(D23後期)'!$I$5)+1,0)&""
B22: 備 考
A23: ５時限（16：50～18：20） | B23: 科目名 | C23: =VLOOKUP($C2,'2026年度(1年後期)'!$B$5:$N$207,COLUMN('2026年度(1年後期)'!$K$5),0)&"" | E23: =VLOOKUP($C2,'2026年度(2年後期)'!$B$5:$N$207,COLUMN('2026年度(2年後期)'!$K$5),0)&"" | G23: =VLOOKUP($C2,'2026年度(3年後期)'!$B$5:$N$207,COLUMN('2026年度(3年後期)'!$K$5),0)&"" | I23: =VLOOKUP($C2,'2026年度(4年後期)'!$B$5:$N$206,COLUMN('2026年度(4年後期)'!$K$5),0)&"" | K23: =VLOOKUP($C2,'2026年度(助産後期)'!$B$5:$N$207,COLUMN('2026年度(助産後期)'!$K$5),0)&"" | M23: =VLOOKUP($C2,'2026年度(M1後期)'!$B$5:$N$207,COLUMN('2026年度(M1後期)'!$K$5),0)&"" | O23: =VLOOKUP($C2,'2026年度(M2後期)'!$B$5:$N$207,COLUMN('2026年度(M2後期)'!$K$5),0)&"" | Q23: =VLOOKUP($C2,'2026年度(D1後期)'!$B$5:$N$207,COLUMN('2026年度(D1後期)'!$K$5),0)&"" | S23: =VLOOKUP($C2,'2026年度(D23後期)'!$B$5:$N$207,COLUMN('2026年度(D23後期)'!$K$5),0)&"" | Z23: =A23 -> ５時限（16：50～18：20）
B24: 教 官 | C24: =IFERROR(VLOOKUP(C23,科目・教員!$A$2:$B$342,2,0),"") | E24: =IFERROR(VLOOKUP(E23,科目・教員!$A$2:$B$342,2,0),"") | G24: =IFERROR(VLOOKUP(G23,科目・教員!$A$2:$B$342,2,0),"") | I24: =IFERROR(VLOOKUP(I23,科目・教員!$A$2:$B$342,2,0),"") | K24: =IFERROR(VLOOKUP(K23,科目・教員!$A$2:$B$342,2,0),"") | M24: =IFERROR(VLOOKUP(M23,科目・教員!$A$2:$B$342,2,0),"") | O24: =IFERROR(VLOOKUP(O23,科目・教員!$A$2:$B$342,2,0),"") | Q24: =IFERROR(VLOOKUP(Q23,科目・教員!$A$2:$B$342,2,0),"") | S24: =IFERROR(VLOOKUP(S23,科目・教員!$A$2:$B$342,2,0),"")
B25: 使用教室 | C25: =VLOOKUP($C2,'2026年度(1年後期)'!$B$5:$N$207,COLUMN('2026年度(1年後期)'!$K$5)+1,0)&"" | E25: =VLOOKUP($C2,'2026年度(2年後期)'!$B$5:$N$207,COLUMN('2026年度(2年後期)'!$K$5)+1,0)&"" | G25: =VLOOKUP($C2,'2026年度(3年後期)'!$B$5:$N$207,COLUMN('2026年度(3年後期)'!$K$5)+1,0)&"" | I25: =VLOOKUP($C2,'2026年度(4年後期)'!$B$5:$N$206,COLUMN('2026年度(4年後期)'!$K$5)+1,0)&"" | K25: =VLOOKUP($C2,'2026年度(助産後期)'!$B$5:$N$207,COLUMN('2026年度(助産後期)'!$K$5)+1,0)&"" | M25: =VLOOKUP($C2,'2026年度(M1後期)'!$B$5:$N$207,COLUMN('2026年度(M1後期)'!$K$5)+1,0)&"" | O25: =VLOOKUP($C2,'2026年度(M2後期)'!$B$5:$N$207,COLUMN('2026年度(M2後期)'!$K$5)+1,0)&"" | Q25: =VLOOKUP($C2,'2026年度(D1後期)'!$B$5:$N$207,COLUMN('2026年度(D1後期)'!$K$5)+1,0)&"" | S25: =VLOOKUP($C2,'2026年度(D23後期)'!$B$5:$N$207,COLUMN('2026年度(D23後期)'!$K$5)+1,0)&""
B26: 備 考
C27: =C2+1 -> 46389 | U27: =C27 -> 46389 | AA27: 101 | AB27: 102 | AC27: 103 | AD27: 在宅実習室 | AE27: 成人実習室 | AF27: 講堂 | AG27: 201 | AH27: 202 | AI27: 203 | AJ27: 204 | AK27: 205 | AL27: 基礎実習室 | AM27: 母性・小児実習室 | AN27: 演習21 | AO27: 演習22 | AP27: 演習23 | AQ27: 演習24 | AR27: 演習25 | AS27: 演習26 | AT27: 演習27 | AU27: 演習28 | AV27: 演習29 | AW27: 301 | AX27: 302 | AY27: 303 | AZ27: 304 | BA27: 臨床１ | BB27: 臨床２ | BC27: LL1 | BD27: LL2 | BE27: 実験室 | BF27: 情報処理室 | BG27: 演習31 | BH27: 演習32 | BI27: セミナー室１ | BJ27: セミナー室２ | BK27: セミナー室3 | BL27: セミナー室4 | BM27: セミナー室5 | BN27: 大講義室 | BO27: アリーナ | BP27: 研修１ | BQ27: 研修３ | BR27: 研修４ | BS27: 研修５ | BT27: 研修６ | BU27: 研修７ | BV27: 視聴覚室
A28: １時限（09：20～10：50） | B28: 科目名 | C28: =VLOOKUP($C27,'2026年度(1年後期)'!$B$5:$N$207,COLUMN('2026年度(1年後期)'!$C$5),0)&"" | E28: =VLOOKUP($C27,'2026年度(2年後期)'!$B$5:$N$207,COLUMN('2026年度(2年後期)'!$C$5),0)&"" | G28: =VLOOKUP($C27,'2026年度(3年後期)'!$B$5:$N$207,COLUMN('2026年度(3年後期)'!$C$5),0)&"" | I28: =VLOOKUP($C27,'2026年度(4年後期)'!$B$5:$N$206,COLUMN('2026年度(4年後期)'!$C$5),0)&"" | K28: =VLOOKUP($C27,'2026年度(助産後期)'!$B$5:$N$207,COLUMN('2026年度(助産後期)'!$C$5),0)&"" | M28: =VLOOKUP($C27,'2026年度(M1後期)'!$B$5:$N$207,COLUMN('2026年度(M1後期)'!$C$5),0)&"" | O28: =VLOOKUP($C27,'2026年度(M2後期)'!$B$5:$N$207,COLUMN('2026年度(M2後期)'!$C$5),0)&"" | Q28: =VLOOKUP($C27,'2026年度(D1後期)'!$B$5:$N$207,COLUMN('2026年度(D1後期)'!$C$5),0)&"" | S28: =VLOOKUP($C27,'2026年度(D23後期)'!$B$5:$N$207,COLUMN('2026年度(D23後期)'!$C$5),0)&"" | Z28: =A28 -> １時限（09：20～10：50）
B29: 教 官 | C29: =IFERROR(VLOOKUP(C28,科目・教員!$A$2:$B$342,2,0),"") | E29: =IFERROR(VLOOKUP(E28,科目・教員!$A$2:$B$342,2,0),"") | G29: =IFERROR(VLOOKUP(G28,科目・教員!$A$2:$B$342,2,0),"") | I29: =IFERROR(VLOOKUP(I28,科目・教員!$A$2:$B$342,2,0),"") | K29: =IFERROR(VLOOKUP(K28,科目・教員!$A$2:$B$342,2,0),"") | M29: =IFERROR(VLOOKUP(M28,科目・教員!$A$2:$B$342,2,0),"") | O29: =IFERROR(VLOOKUP(O28,科目・教員!$A$2:$B$342,2,0),"") | Q29: =IFERROR(VLOOKUP(Q28,科目・教員!$A$2:$B$342,2,0),"") | S29: =IFERROR(VLOOKUP(S28,科目・教員!$A$2:$B$342,2,0),"")
B30: 使用教室 | C30: =VLOOKUP($C27,'2026年度(1年後期)'!$B$5:$N$207,COLUMN('2026年度(1年後期)'!$C$5)+1,0)&"" | E30: =VLOOKUP($C27,'2026年度(2年後期)'!$B$5:$N$207,COLUMN('2026年度(2年後期)'!$C$5)+1,0)&"" | G30: =VLOOKUP($C27,'2026年度(3年後期)'!$B$5:$N$207,COLUMN('2026年度(3年後期)'!$C$5)+1,0)&"" | I30: =VLOOKUP($C27,'2026年度(4年後期)'!$B$5:$N$206,COLUMN('2026年度(4年後期)'!$C$5)+1,0)&"" | K30: =VLOOKUP($C27,'2026年度(助産後期)'!$B$5:$N$207,COLUMN('2026年度(助産後期)'!$C$5)+1,0)&"" | M30: =VLOOKUP($C27,'2026年度(M1後期)'!$B$5:$N$207,COLUMN('2026年度(M1後期)'!$C$5)+1,0)&"" | O30: =VLOOKUP($C27,'2026年度(M2後期)'!$B$5:$N$207,COLUMN('2026年度(M2後期)'!$C$5)+1,0)&"" | Q30: =VLOOKUP($C27,'2026年度(D1後期)'!$B$5:$N$207,COLUMN('2026年度(D1後期)'!$C$5)+1,0)&"" | S30: =VLOOKUP($C27,'2026年度(D23後期)'!$B$5:$N$207,COLUMN('2026年度(D23後期)'!$C$5)+1,0)&""
B31: 備 考
A32: ２時限（11：00～12：30） | B32: 科目名 | C32: =VLOOKUP($C27,'2026年度(1年後期)'!$B$5:$N$207,COLUMN('2026年度(1年後期)'!$E$5),0)&"" | E32: =VLOOKUP($C27,'2026年度(2年後期)'!$B$5:$N$207,COLUMN('2026年度(2年後期)'!$E$5),0)&"" | G32: =VLOOKUP($C27,'2026年度(3年後期)'!$B$5:$N$207,COLUMN('2026年度(3年後期)'!$E$5),0)&"" | I32: =VLOOKUP($C27,'2026年度(4年後期)'!$B$5:$N$206,COLUMN('2026年度(4年後期)'!$E$5),0)&"" | K32: =VLOOKUP($C27,'2026年度(助産後期)'!$B$5:$N$207,COLUMN('2026年度(助産後期)'!$E$5),0)&"" | M32: =VLOOKUP($C27,'2026年度(M1後期)'!$B$5:$N$207,COLUMN('2026年度(M1後期)'!$E$5),0)&"" | O32: =VLOOKUP($C27,'2026年度(M2後期)'!$B$5:$N$207,COLUMN('2026年度(M2後期)'!$E$5),0)&"" | Q32: =VLOOKUP($C27,'2026年度(D1後期)'!$B$5:$N$207,COLUMN('2026年度(D1後期)'!$E$5),0)&"" | S32: =VLOOKUP($C27,'2026年度(D23後期)'!$B$5:$N$207,COLUMN('2026年度(D23後期)'!$E$5),0)&"" | Z32: =A32 -> ２時限（11：00～12：30）
B33: 教 官 | C33: =IFERROR(VLOOKUP(C32,科目・教員!$A$2:$B$342,2,0),"") | E33: =IFERROR(VLOOKUP(E32,科目・教員!$A$2:$B$342,2,0),"") | G33: =IFERROR(VLOOKUP(G32,科目・教員!$A$2:$B$342,2,0),"") | I33: =IFERROR(VLOOKUP(I32,科目・教員!$A$2:$B$342,2,0),"") | K33: =IFERROR(VLOOKUP(K32,科目・教員!$A$2:$B$342,2,0),"") | M33: =IFERROR(VLOOKUP(M32,科目・教員!$A$2:$B$342,2,0),"") | O33: =IFERROR(VLOOKUP(O32,科目・教員!$A$2:$B$342,2,0),"") | Q33: =IFERROR(VLOOKUP(Q32,科目・教員!$A$2:$B$342,2,0),"") | S33: =IFERROR(VLOOKUP(S32,科目・教員!$A$2:$B$342,2,0),"")
B34: 使用教室 | C34: =VLOOKUP($C27,'2026年度(1年後期)'!$B$5:$N$207,COLUMN('2026年度(1年後期)'!$E$5)+1,0)&"" | E34: =VLOOKUP($C27,'2026年度(2年後期)'!$B$5:$N$207,COLUMN('2026年度(2年後期)'!$E$5)+1,0)&"" | G34: =VLOOKUP($C27,'2026年度(3年後期)'!$B$5:$N$207,COLUMN('2026年度(3年後期)'!$E$5)+1,0)&"" | I34: =VLOOKUP($C27,'2026年度(4年後期)'!$B$5:$N$206,COLUMN('2026年度(4年後期)'!$E$5)+1,0)&"" | K34: =VLOOKUP($C27,'2026年度(助産後期)'!$B$5:$N$207,COLUMN('2026年度(助産後期)'!$E$5)+1,0)&"" | M34: =VLOOKUP($C27,'2026年度(M1後期)'!$B$5:$N$207,COLUMN('2026年度(M1後期)'!$E$5)+1,0)&"" | O34: =VLOOKUP($C27,'2026年度(M2後期)'!$B$5:$N$207,COLUMN('2026年度(M2後期)'!$E$5)+1,0)&"" | Q34: =VLOOKUP($C27,'2026年度(D1後期)'!$B$5:$N$207,COLUMN('2026年度(D1後期)'!$E$5)+1,0)&"" | S34: =VLOOKUP($C27,'2026年度(D23後期)'!$B$5:$N$207,COLUMN('2026年度(D23後期)'!$E$5)+1,0)&""
B35: 備 考
A36: 昼休み（12：30～13：30） | B36: 活動名 | Z36: =A36 -> 昼休み（12：30～13：30）
B37: 責任者
B38: 使用教室
B39: 備 考
A40: ３時限（13：30～15：00） | B40: 科目名 | C40: =VLOOKUP($C27,'2026年度(1年後期)'!$B$5:$N$207,COLUMN('2026年度(1年後期)'!$G$5),0)&"" | E40: =VLOOKUP($C27,'2026年度(2年後期)'!$B$5:$N$207,COLUMN('2026年度(2年後期)'!$G$5),0)&"" | G40: =VLOOKUP($C27,'2026年度(3年後期)'!$B$5:$N$207,COLUMN('2026年度(3年後期)'!$G$5),0)&"" | I40: =VLOOKUP($C27,'2026年度(4年後期)'!$B$5:$N$206,COLUMN('2026年度(4年後期)'!$G$5),0)&"" | K40: =VLOOKUP($C27,'2026年度(助産後期)'!$B$5:$N$207,COLUMN('2026年度(助産後期)'!$G$5),0)&"" | M40: =VLOOKUP($C27,'2026年度(M1後期)'!$B$5:$N$207,COLUMN('2026年度(M1後期)'!$G$5),0)&"" | O40: =VLOOKUP($C27,'2026年度(M2後期)'!$B$5:$N$207,COLUMN('2026年度(M2後期)'!$G$5),0)&"" | Q40: =VLOOKUP($C27,'2026年度(D1後期)'!$B$5:$N$207,COLUMN('2026年度(D1後期)'!$G$5),0)&"" | S40: =VLOOKUP($C27,'2026年度(D23後期)'!$B$5:$N$207,COLUMN('2026年度(D23後期)'!$G$5),0)&"" | Z40: =A40 -> ３時限（13：30～15：00）
B41: 教 官 | C41: =IFERROR(VLOOKUP(C40,科目・教員!$A$2:$B$342,2,0),"") | E41: =IFERROR(VLOOKUP(E40,科目・教員!$A$2:$B$342,2,0),"") | G41: =IFERROR(VLOOKUP(G40,科目・教員!$A$2:$B$342,2,0),"") | I41: =IFERROR(VLOOKUP(I40,科目・教員!$A$2:$B$342,2,0),"") | K41: =IFERROR(VLOOKUP(K40,科目・教員!$A$2:$B$342,2,0),"") | M41: =IFERROR(VLOOKUP(M40,科目・教員!$A$2:$B$342,2,0),"") | O41: =IFERROR(VLOOKUP(O40,科目・教員!$A$2:$B$342,2,0),"") | Q41: =IFERROR(VLOOKUP(Q40,科目・教員!$A$2:$B$342,2,0),"") | S41: =IFERROR(VLOOKUP(S40,科目・教員!$A$2:$B$342,2,0),"")
B42: 使用教室 | C42: =VLOOKUP($C27,'2026年度(1年後期)'!$B$5:$N$207,COLUMN('2026年度(1年後期)'!$G$5)+1,0)&"" | E42: =VLOOKUP($C27,'2026年度(2年後期)'!$B$5:$N$207,COLUMN('2026年度(2年後期)'!$G$5)+1,0)&"" | G42: =VLOOKUP($C27,'2026年度(3年後期)'!$B$5:$N$207,COLUMN('2026年度(3年後期)'!$G$5)+1,0)&"" | I42: =VLOOKUP($C27,'2026年度(4年後期)'!$B$5:$N$206,COLUMN('2026年度(4年後期)'!$G$5)+1,0)&"" | K42: =VLOOKUP($C27,'2026年度(助産後期)'!$B$5:$N$207,COLUMN('2026年度(助産後期)'!$G$5)+1,0)&"" | M42: =VLOOKUP($C27,'2026年度(M1後期)'!$B$5:$N$207,COLUMN('2026年度(M1後期)'!$G$5)+1,0)&"" | O42: =VLOOKUP($C27,'2026年度(M2後期)'!$B$5:$N$207,COLUMN('2026年度(M2後期)'!$G$5)+1,0)&"" | Q42: =VLOOKUP($C27,'2026年度(D1後期)'!$B$5:$N$207,COLUMN('2026年度(D1後期)'!$G$5)+1,0)&"" | S42: =VLOOKUP($C27,'2026年度(D23後期)'!$B$5:$N$207,COLUMN('2026年度(D23後期)'!$G$5)+1,0)&""
B43: 備 考
A44: ４時限（15：10～16：40） | B44: 科目名 | C44: =VLOOKUP($C27,'2026年度(1年後期)'!$B$5:$N$207,COLUMN('2026年度(1年後期)'!$I$5),0)&"" | E44: =VLOOKUP($C27,'2026年度(2年後期)'!$B$5:$N$207,COLUMN('2026年度(2年後期)'!$I$5),0)&"" | G44: =VLOOKUP($C27,'2026年度(3年後期)'!$B$5:$N$207,COLUMN('2026年度(3年後期)'!$I$5),0)&"" | I44: =VLOOKUP($C27,'2026年度(4年後期)'!$B$5:$N$206,COLUMN('2026年度(4年後期)'!$I$5),0)&"" | K44: =VLOOKUP($C27,'2026年度(助産後期)'!$B$5:$N$207,COLUMN('2026年度(助産後期)'!$I$5),0)&"" | M44: =VLOOKUP($C27,'2026年度(M1後期)'!$B$5:$N$207,COLUMN('2026年度(M1後期)'!$I$5),0)&"" | O44: =VLOOKUP($C27,'2026年度(M2後期)'!$B$5:$N$207,COLUMN('2026年度(M2後期)'!$I$5),0)&"" | Q44: =VLOOKUP($C27,'2026年度(D1後期)'!$B$5:$N$207,COLUMN('2026年度(D1後期)'!$I$5),0)&"" | S44: =VLOOKUP($C27,'2026年度(D23後期)'!$B$5:$N$207,COLUMN('2026年度(D23後期)'!$I$5),0)&"" | Z44: =A44 -> ４時限（15：10～16：40）
B45: 教 官 | C45: =IFERROR(VLOOKUP(C44,科目・教員!$A$2:$B$342,2,0),"") | E45: =IFERROR(VLOOKUP(E44,科目・教員!$A$2:$B$342,2,0),"") | G45: =IFERROR(VLOOKUP(G44,科目・教員!$A$2:$B$342,2,0),"") | I45: =IFERROR(VLOOKUP(I44,科目・教員!$A$2:$B$342,2,0),"") | K45: =IFERROR(VLOOKUP(K44,科目・教員!$A$2:$B$342,2,0),"") | M45: =IFERROR(VLOOKUP(M44,科目・教員!$A$2:$B$342,2,0),"") | O45: =IFERROR(VLOOKUP(O44,科目・教員!$A$2:$B$342,2,0),"") | Q45: =IFERROR(VLOOKUP(Q44,科目・教員!$A$2:$B$342,2,0),"") | S45: =IFERROR(VLOOKUP(S44,科目・教員!$A$2:$B$342,2,0),"")
B46: 使用教室 | C46: =VLOOKUP($C27,'2026年度(1年後期)'!$B$5:$N$207,COLUMN('2026年度(1年後期)'!$I$5)+1,0)&"" | E46: =VLOOKUP($C27,'2026年度(2年後期)'!$B$5:$N$207,COLUMN('2026年度(2年後期)'!$I$5)+1,0)&"" | G46: =VLOOKUP($C27,'2026年度(3年後期)'!$B$5:$N$207,COLUMN('2026年度(3年後期)'!$I$5)+1,0)&"" | I46: =VLOOKUP($C27,'2026年度(4年後期)'!$B$5:$N$206,COLUMN('2026年度(4年後期)'!$I$5)+1,0)&"" | K46: =VLOOKUP($C27,'2026年度(助産後期)'!$B$5:$N$207,COLUMN('2026年度(助産後期)'!$I$5)+1,0)&"" | M46: =VLOOKUP($C27,'2026年度(M1後期)'!$B$5:$N$207,COLUMN('2026年度(M1後期)'!$I$5)+1,0)&"" | O46: =VLOOKUP($C27,'2026年度(M2後期)'!$B$5:$N$207,COLUMN('2026年度(M2後期)'!$I$5)+1,0)&"" | Q46: =VLOOKUP($C27,'2026年度(D1後期)'!$B$5:$N$207,COLUMN('2026年度(D1後期)'!$I$5)+1,0)&"" | S46: =VLOOKUP($C27,'2026年度(D23後期)'!$B$5:$N$207,COLUMN('2026年度(D23後期)'!$I$5)+1,0)&""
B47: 備 考
A48: ５時限（16：50～18：20） | B48: 科目名 | C48: =VLOOKUP($C27,'2026年度(1年後期)'!$B$5:$N$207,COLUMN('2026年度(1年後期)'!$K$5),0)&"" | E48: =VLOOKUP($C27,'2026年度(2年後期)'!$B$5:$N$207,COLUMN('2026年度(2年後期)'!$K$5),0)&"" | G48: =VLOOKUP($C27,'2026年度(3年後期)'!$B$5:$N$207,COLUMN('2026年度(3年後期)'!$K$5),0)&"" | I48: =VLOOKUP($C27,'2026年度(4年後期)'!$B$5:$N$206,COLUMN('2026年度(4年後期)'!$K$5),0)&"" | K48: =VLOOKUP($C27,'2026年度(助産後期)'!$B$5:$N$207,COLUMN('2026年度(助産後期)'!$K$5),0)&"" | M48: =VLOOKUP($C27,'2026年度(M1後期)'!$B$5:$N$207,COLUMN('2026年度(M1後期)'!$K$5),0)&"" | O48: =VLOOKUP($C27,'2026年度(M2後期)'!$B$5:$N$207,COLUMN('2026年度(M2後期)'!$K$5),0)&"" | Q48: =VLOOKUP($C27,'2026年度(D1後期)'!$B$5:$N$207,COLUMN('2026年度(D1後期)'!$K$5),0)&"" | S48: =VLOOKUP($C27,'2026年度(D23後期)'!$B$5:$N$207,COLUMN('2026年度(D23後期)'!$K$5),0)&"" | Z48: =A48 -> ５時限（16：50～18：20）
B49: 教 官 | C49: =IFERROR(VLOOKUP(C48,科目・教員!$A$2:$B$342,2,0),"") | E49: =IFERROR(VLOOKUP(E48,科目・教員!$A$2:$B$342,2,0),"") | G49: =IFERROR(VLOOKUP(G48,科目・教員!$A$2:$B$342,2,0),"") | I49: =IFERROR(VLOOKUP(I48,科目・教員!$A$2:$B$342,2,0),"") | K49: =IFERROR(VLOOKUP(K48,科目・教員!$A$2:$B$342,2,0),"") | M49: =IFERROR(VLOOKUP(M48,科目・教員!$A$2:$B$342,2,0),"") | O49: =IFERROR(VLOOKUP(O48,科目・教員!$A$2:$B$342,2,0),"") | Q49: =IFERROR(VLOOKUP(Q48,科目・教員!$A$2:$B$342,2,0),"") | S49: =IFERROR(VLOOKUP(S48,科目・教員!$A$2:$B$342,2,0),"")
B50: 使用教室 | C50: =VLOOKUP($C27,'2026年度(1年後期)'!$B$5:$N$207,COLUMN('2026年度(1年後期)'!$K$5)+1,0)&"" | E50: =VLOOKUP($C27,'2026年度(2年後期)'!$B$5:$N$207,COLUMN('2026年度(2年後期)'!$K$5)+1,0)&"" | G50: =VLOOKUP($C27,'2026年度(3年後期)'!$B$5:$N$207,COLUMN('2026年度(3年後期)'!$K$5)+1,0)&"" | I50: =VLOOKUP($C27,'2026年度(4年後期)'!$B$5:$N$206,COLUMN('2026年度(4年後期)'!$K$5)+1,0)&"" | K50: =VLOOKUP($C27,'2026年度(助産後期)'!$B$5:$N$207,COLUMN('2026年度(助産後期)'!$K$5)+1,0)&"" | M50: =VLOOKUP($C27,'2026年度(M1後期)'!$B$5:$N$207,COLUMN('2026年度(M1後期)'!$K$5)+1,0)&"" | O50: =VLOOKUP($C27,'2026年度(M2後期)'!$B$5:$N$207,COLUMN('2026年度(M2後期)'!$K$5)+1,0)&"" | Q50: =VLOOKUP($C27,'2026年度(D1後期)'!$B$5:$N$207,COLUMN('2026年度(D1後期)'!$K$5)+1,0)&"" | S50: =VLOOKUP($C27,'2026年度(D23後期)'!$B$5:$N$207,COLUMN('2026年度(D23後期)'!$K$5)+1,0)&""
B51: 備 考
C52: =C27+1 -> 46390 | U52: =C52 -> 46390 | AA52: 101 | AB52: 102 | AC52: 103 | AD52: 在宅実習室 | AE52: 成人実習室 | AF52: 講堂 | AG52: 201 | AH52: 202 | AI52: 203 | AJ52: 204 | AK52: 205 | AL52: 基礎実習室 | AM52: 母性・小児実習室 | AN52: 演習21 | AO52: 演習22 | AP52: 演習23 | AQ52: 演習24 | AR52: 演習25 | AS52: 演習26 | AT52: 演習27 | AU52: 演習28 | AV52: 演習29 | AW52: 301 | AX52: 302 | AY52: 303 | AZ52: 304 | BA52: 臨床１ | BB52: 臨床２ | BC52: LL1 | BD52: LL2 | BE52: 実験室 | BF52: 情報処理室 | BG52: 演習31 | BH52: 演習32 | BI52: セミナー室１ | BJ52: セミナー室２ | BK52: セミナー室3 | BL52: セミナー室4 | BM52: セミナー室5 | BN52: 大講義室 | BO52: アリーナ | BP52: 研修１ | BQ52: 研修３ | BR52: 研修４ | BS52: 研修５ | BT52: 研修６ | BU52: 研修７ | BV52: 視聴覚室
A53: １時限（09：20～10：50） | B53: 科目名 | C53: =VLOOKUP($C52,'2026年度(1年後期)'!$B$5:$N$207,COLUMN('2026年度(1年後期)'!$C$5),0)&"" | E53: =VLOOKUP($C52,'2026年度(2年後期)'!$B$5:$N$207,COLUMN('2026年度(2年後期)'!$C$5),0)&"" | G53: =VLOOKUP($C52,'2026年度(3年後期)'!$B$5:$N$207,COLUMN('2026年度(3年後期)'!$C$5),0)&"" | I53: =VLOOKUP($C52,'2026年度(4年後期)'!$B$5:$N$206,COLUMN('2026年度(4年後期)'!$C$5),0)&"" | K53: =VLOOKUP($C52,'2026年度(助産後期)'!$B$5:$N$207,COLUMN('2026年度(助産後期)'!$C$5),0)&"" | M53: =VLOOKUP($C52,'2026年度(M1後期)'!$B$5:$N$207,COLUMN('2026年度(M1後期)'!$C$5),0)&"" | O53: =VLOOKUP($C52,'2026年度(M2後期)'!$B$5:$N$207,COLUMN('2026年度(M2後期)'!$C$5),0)&"" | Q53: =VLOOKUP($C52,'2026年度(D1後期)'!$B$5:$N$207,COLUMN('2026年度(D1後期)'!$C$5),0)&"" | S53: =VLOOKUP($C52,'2026年度(D23後期)'!$B$5:$N$207,COLUMN('2026年度(D23後期)'!$C$5),0)&"" | Z53: =A53 -> １時限（09：20～10：50）
B54: 教 官 | C54: =IFERROR(VLOOKUP(C53,科目・教員!$A$2:$B$342,2,0),"") | E54: =IFERROR(VLOOKUP(E53,科目・教員!$A$2:$B$342,2,0),"") | G54: =IFERROR(VLOOKUP(G53,科目・教員!$A$2:$B$342,2,0),"") | I54: =IFERROR(VLOOKUP(I53,科目・教員!$A$2:$B$342,2,0),"") | K54: =IFERROR(VLOOKUP(K53,科目・教員!$A$2:$B$342,2,0),"") | M54: =IFERROR(VLOOKUP(M53,科目・教員!$A$2:$B$342,2,0),"") | O54: =IFERROR(VLOOKUP(O53,科目・教員!$A$2:$B$342,2,0),"") | Q54: =IFERROR(VLOOKUP(Q53,科目・教員!$A$2:$B$342,2,0),"") | S54: =IFERROR(VLOOKUP(S53,科目・教員!$A$2:$B$342,2,0),"")
B55: 使用教室 | C55: =VLOOKUP($C52,'2026年度(1年後期)'!$B$5:$N$207,COLUMN('2026年度(1年後期)'!$C$5)+1,0)&"" | E55: =VLOOKUP($C52,'2026年度(2年後期)'!$B$5:$N$207,COLUMN('2026年度(2年後期)'!$C$5)+1,0)&"" | G55: =VLOOKUP($C52,'2026年度(3年後期)'!$B$5:$N$207,COLUMN('2026年度(3年後期)'!$C$5)+1,0)&"" | I55: =VLOOKUP($C52,'2026年度(4年後期)'!$B$5:$N$206,COLUMN('2026年度(4年後期)'!$C$5)+1,0)&"" | K55: =VLOOKUP($C52,'2026年度(助産後期)'!$B$5:$N$207,COLUMN('2026年度(助産後期)'!$C$5)+1,0)&"" | M55: =VLOOKUP($C52,'2026年度(M1後期)'!$B$5:$N$207,COLUMN('2026年度(M1後期)'!$C$5)+1,0)&"" | O55: =VLOOKUP($C52,'2026年度(M2後期)'!$B$5:$N$207,COLUMN('2026年度(M2後期)'!$C$5)+1,0)&"" | Q55: =VLOOKUP($C52,'2026年度(D1後期)'!$B$5:$N$207,COLUMN('2026年度(D1後期)'!$C$5)+1,0)&"" | S55: =VLOOKUP($C52,'2026年度(D23後期)'!$B$5:$N$207,COLUMN('2026年度(D23後期)'!$C$5)+1,0)&""
B56: 備 考
A57: ２時限（11：00～12：30） | B57: 科目名 | C57: =VLOOKUP($C52,'2026年度(1年後期)'!$B$5:$N$207,COLUMN('2026年度(1年後期)'!$E$5),0)&"" | E57: =VLOOKUP($C52,'2026年度(2年後期)'!$B$5:$N$207,COLUMN('2026年度(2年後期)'!$E$5),0)&"" | G57: =VLOOKUP($C52,'2026年度(3年後期)'!$B$5:$N$207,COLUMN('2026年度(3年後期)'!$E$5),0)&"" | I57: =VLOOKUP($C52,'2026年度(4年後期)'!$B$5:$N$206,COLUMN('2026年度(4年後期)'!$E$5),0)&"" | K57: =VLOOKUP($C52,'2026年度(助産後期)'!$B$5:$N$207,COLUMN('2026年度(助産後期)'!$E$5),0)&"" | M57: =VLOOKUP($C52,'2026年度(M1後期)'!$B$5:$N$207,COLUMN('2026年度(M1後期)'!$E$5),0)&"" | O57: =VLOOKUP($C52,'2026年度(M2後期)'!$B$5:$N$207,COLUMN('2026年度(M2後期)'!$E$5),0)&"" | Q57: =VLOOKUP($C52,'2026年度(D1後期)'!$B$5:$N$207,COLUMN('2026年度(D1後期)'!$E$5),0)&"" | S57: =VLOOKUP($C52,'2026年度(D23後期)'!$B$5:$N$207,COLUMN('2026年度(D23後期)'!$E$5),0)&"" | Z57: =A57 -> ２時限（11：00～12：30）
B58: 教 官 | C58: =IFERROR(VLOOKUP(C57,科目・教員!$A$2:$B$342,2,0),"") | E58: =IFERROR(VLOOKUP(E57,科目・教員!$A$2:$B$342,2,0),"") | G58: =IFERROR(VLOOKUP(G57,科目・教員!$A$2:$B$342,2,0),"") | I58: =IFERROR(VLOOKUP(I57,科目・教員!$A$2:$B$342,2,0),"") | K58: =IFERROR(VLOOKUP(K57,科目・教員!$A$2:$B$342,2,0),"") | M58: =IFERROR(VLOOKUP(M57,科目・教員!$A$2:$B$342,2,0),"") | O58: =IFERROR(VLOOKUP(O57,科目・教員!$A$2:$B$342,2,0),"") | Q58: =IFERROR(VLOOKUP(Q57,科目・教員!$A$2:$B$342,2,0),"") | S58: =IFERROR(VLOOKUP(S57,科目・教員!$A$2:$B$342,2,0),"")
B59: 使用教室 | C59: =VLOOKUP($C52,'2026年度(1年後期)'!$B$5:$N$207,COLUMN('2026年度(1年後期)'!$E$5)+1,0)&"" | E59: =VLOOKUP($C52,'2026年度(2年後期)'!$B$5:$N$207,COLUMN('2026年度(2年後期)'!$E$5)+1,0)&"" | G59: =VLOOKUP($C52,'2026年度(3年後期)'!$B$5:$N$207,COLUMN('2026年度(3年後期)'!$E$5)+1,0)&"" | I59: =VLOOKUP($C52,'2026年度(4年後期)'!$B$5:$N$206,COLUMN('2026年度(4年後期)'!$E$5)+1,0)&"" | K59: =VLOOKUP($C52,'2026年度(助産後期)'!$B$5:$N$207,COLUMN('2026年度(助産後期)'!$E$5)+1,0)&"" | M59: =VLOOKUP($C52,'2026年度(M1後期)'!$B$5:$N$207,COLUMN('2026年度(M1後期)'!$E$5)+1,0)&"" | O59: =VLOOKUP($C52,'2026年度(M2後期)'!$B$5:$N$207,COLUMN('2026年度(M2後期)'!$E$5)+1,0)&"" | Q59: =VLOOKUP($C52,'2026年度(D1後期)'!$B$5:$N$207,COLUMN('2026年度(D1後期)'!$E$5)+1,0)&"" | S59: =VLOOKUP($C52,'2026年度(D23後期)'!$B$5:$N$207,COLUMN('2026年度(D23後期)'!$E$5)+1,0)&""
B60: 備 考
A61: 昼休み（12：30～13：30） | B61: 活動名 | Z61: =A61 -> 昼休み（12：30～13：30）
B62: 責任者
B63: 使用教室
B64: 備 考
A65: ３時限（13：30～15：00） | B65: 科目名 | C65: =VLOOKUP($C52,'2026年度(1年後期)'!$B$5:$N$207,COLUMN('2026年度(1年後期)'!$G$5),0)&"" | E65: =VLOOKUP($C52,'2026年度(2年後期)'!$B$5:$N$207,COLUMN('2026年度(2年後期)'!$G$5),0)&"" | G65: =VLOOKUP($C52,'2026年度(3年後期)'!$B$5:$N$207,COLUMN('2026年度(3年後期)'!$G$5),0)&"" | I65: =VLOOKUP($C52,'2026年度(4年後期)'!$B$5:$N$206,COLUMN('2026年度(4年後期)'!$G$5),0)&"" | K65: =VLOOKUP($C52,'2026年度(助産後期)'!$B$5:$N$207,COLUMN('2026年度(助産後期)'!$G$5),0)&"" | M65: =VLOOKUP($C52,'2026年度(M1後期)'!$B$5:$N$207,COLUMN('2026年度(M1後期)'!$G$5),0)&"" | O65: =VLOOKUP($C52,'2026年度(M2後期)'!$B$5:$N$207,COLUMN('2026年度(M2後期)'!$G$5),0)&"" | Q65: =VLOOKUP($C52,'2026年度(D1後期)'!$B$5:$N$207,COLUMN('2026年度(D1後期)'!$G$5),0)&"" | S65: =VLOOKUP($C52,'2026年度(D23後期)'!$B$5:$N$207,COLUMN('2026年度(D23後期)'!$G$5),0)&"" | Z65: =A65 -> ３時限（13：30～15：00）
B66: 教 官 | C66: =IFERROR(VLOOKUP(C65,科目・教員!$A$2:$B$342,2,0),"") | E66: =IFERROR(VLOOKUP(E65,科目・教員!$A$2:$B$342,2,0),"") | G66: =IFERROR(VLOOKUP(G65,科目・教員!$A$2:$B$342,2,0),"") | I66: =IFERROR(VLOOKUP(I65,科目・教員!$A$2:$B$342,2,0),"") | K66: =IFERROR(VLOOKUP(K65,科目・教員!$A$2:$B$342,2,0),"") | M66: =IFERROR(VLOOKUP(M65,科目・教員!$A$2:$B$342,2,0),"") | O66: =IFERROR(VLOOKUP(O65,科目・教員!$A$2:$B$342,2,0),"") | Q66: =IFERROR(VLOOKUP(Q65,科目・教員!$A$2:$B$342,2,0),"") | S66: =IFERROR(VLOOKUP(S65,科目・教員!$A$2:$B$342,2,0),"")
B67: 使用教室 | C67: =VLOOKUP($C52,'2026年度(1年後期)'!$B$5:$N$207,COLUMN('2026年度(1年後期)'!$G$5)+1,0)&"" | E67: =VLOOKUP($C52,'2026年度(2年後期)'!$B$5:$N$207,COLUMN('2026年度(2年後期)'!$G$5)+1,0)&"" | G67: =VLOOKUP($C52,'2026年度(3年後期)'!$B$5:$N$207,COLUMN('2026年度(3年後期)'!$G$5)+1,0)&"" | I67: =VLOOKUP($C52,'2026年度(4年後期)'!$B$5:$N$206,COLUMN('2026年度(4年後期)'!$G$5)+1,0)&"" | K67: =VLOOKUP($C52,'2026年度(助産後期)'!$B$5:$N$207,COLUMN('2026年度(助産後期)'!$G$5)+1,0)&"" | M67: =VLOOKUP($C52,'2026年度(M1後期)'!$B$5:$N$207,COLUMN('2026年度(M1後期)'!$G$5)+1,0)&"" | O67: =VLOOKUP($C52,'2026年度(M2後期)'!$B$5:$N$207,COLUMN('2026年度(M2後期)'!$G$5)+1,0)&"" | Q67: =VLOOKUP($C52,'2026年度(D1後期)'!$B$5:$N$207,COLUMN('2026年度(D1後期)'!$G$5)+1,0)&"" | S67: =VLOOKUP($C52,'2026年度(D23後期)'!$B$5:$N$207,COLUMN('2026年度(D23後期)'!$G$5)+1,0)&""
B68: 備 考
A69: ４時限（15：10～16：40） | B69: 科目名 | C69: =VLOOKUP($C52,'2026年度(1年後期)'!$B$5:$N$207,COLUMN('2026年度(1年後期)'!$I$5),0)&"" | E69: =VLOOKUP($C52,'2026年度(2年後期)'!$B$5:$N$207,COLUMN('2026年度(2年後期)'!$I$5),0)&"" | G69: =VLOOKUP($C52,'2026年度(3年後期)'!$B$5:$N$207,COLUMN('2026年度(3年後期)'!$I$5),0)&"" | I69: =VLOOKUP($C52,'2026年度(4年後期)'!$B$5:$N$206,COLUMN('2026年度(4年後期)'!$I$5),0)&"" | K69: =VLOOKUP($C52,'2026年度(助産後期)'!$B$5:$N$207,COLUMN('2026年度(助産後期)'!$I$5),0)&"" | M69: =VLOOKUP($C52,'2026年度(M1後期)'!$B$5:$N$207,COLUMN('2026年度(M1後期)'!$I$5),0)&"" | O69: =VLOOKUP($C52,'2026年度(M2後期)'!$B$5:$N$207,COLUMN('2026年度(M2後期)'!$I$5),0)&"" | Q69: =VLOOKUP($C52,'2026年度(D1後期)'!$B$5:$N$207,COLUMN('2026年度(D1後期)'!$I$5),0)&"" | S69: =VLOOKUP($C52,'2026年度(D23後期)'!$B$5:$N$207,COLUMN('2026年度(D23後期)'!$I$5),0)&"" | Z69: =A69 -> ４時限（15：10～16：40）
B70: 教 官 | C70: =IFERROR(VLOOKUP(C69,科目・教員!$A$2:$B$342,2,0),"") | E70: =IFERROR(VLOOKUP(E69,科目・教員!$A$2:$B$342,2,0),"") | G70: =IFERROR(VLOOKUP(G69,科目・教員!$A$2:$B$342,2,0),"") | I70: =IFERROR(VLOOKUP(I69,科目・教員!$A$2:$B$342,2,0),"") | K70: =IFERROR(VLOOKUP(K69,科目・教員!$A$2:$B$342,2,0),"") | M70: =IFERROR(VLOOKUP(M69,科目・教員!$A$2:$B$342,2,0),"") | O70: =IFERROR(VLOOKUP(O69,科目・教員!$A$2:$B$342,2,0),"") | Q70: =IFERROR(VLOOKUP(Q69,科目・教員!$A$2:$B$342,2,0),"") | S70: =IFERROR(VLOOKUP(S69,科目・教員!$A$2:$B$342,2,0),"")
B71: 使用教室 | C71: =VLOOKUP($C52,'2026年度(1年後期)'!$B$5:$N$207,COLUMN('2026年度(1年後期)'!$I$5)+1,0)&"" | E71: =VLOOKUP($C52,'2026年度(2年後期)'!$B$5:$N$207,COLUMN('2026年度(2年後期)'!$I$5)+1,0)&"" | G71: =VLOOKUP($C52,'2026年度(3年後期)'!$B$5:$N$207,COLUMN('2026年度(3年後期)'!$I$5)+1,0)&"" | I71: =VLOOKUP($C52,'2026年度(4年後期)'!$B$5:$N$206,COLUMN('2026年度(4年後期)'!$I$5)+1,0)&"" | K71: =VLOOKUP($C52,'2026年度(助産後期)'!$B$5:$N$207,COLUMN('2026年度(助産後期)'!$I$5)+1,0)&"" | M71: =VLOOKUP($C52,'2026年度(M1後期)'!$B$5:$N$207,COLUMN('2026年度(M1後期)'!$I$5)+1,0)&"" | O71: =VLOOKUP($C52,'2026年度(M2後期)'!$B$5:$N$207,COLUMN('2026年度(M2後期)'!$I$5)+1,0)&"" | Q71: =VLOOKUP($C52,'2026年度(D1後期)'!$B$5:$N$207,COLUMN('2026年度(D1後期)'!$I$5)+1,0)&"" | S71: =VLOOKUP($C52,'2026年度(D23後期)'!$B$5:$N$207,COLUMN('2026年度(D23後期)'!$I$5)+1,0)&""
B72: 備 考
A73: ５時限（16：50～18：20） | B73: 科目名 | C73: =VLOOKUP($C52,'2026年度(1年後期)'!$B$5:$N$207,COLUMN('2026年度(1年後期)'!$K$5),0)&"" | E73: =VLOOKUP($C52,'2026年度(2年後期)'!$B$5:$N$207,COLUMN('2026年度(2年後期)'!$K$5),0)&"" | G73: =VLOOKUP($C52,'2026年度(3年後期)'!$B$5:$N$207,COLUMN('2026年度(3年後期)'!$K$5),0)&"" | I73: =VLOOKUP($C52,'2026年度(4年後期)'!$B$5:$N$206,COLUMN('2026年度(4年後期)'!$K$5),0)&"" | K73: =VLOOKUP($C52,'2026年度(助産後期)'!$B$5:$N$207,COLUMN('2026年度(助産後期)'!$K$5),0)&"" | M73: =VLOOKUP($C52,'2026年度(M1後期)'!$B$5:$N$207,COLUMN('2026年度(M1後期)'!$K$5),0)&"" | O73: =VLOOKUP($C52,'2026年度(M2後期)'!$B$5:$N$207,COLUMN('2026年度(M2後期)'!$K$5),0)&"" | Q73: =VLOOKUP($C52,'2026年度(D1後期)'!$B$5:$N$207,COLUMN('2026年度(D1後期)'!$K$5),0)&"" | S73: =VLOOKUP($C52,'2026年度(D23後期)'!$B$5:$N$207,COLUMN('2026年度(D23後期)'!$K$5),0)&"" | Z73: =A73 -> ５時限（16：50～18：20）
B74: 教 官 | C74: =IFERROR(VLOOKUP(C73,科目・教員!$A$2:$B$342,2,0),"") | E74: =IFERROR(VLOOKUP(E73,科目・教員!$A$2:$B$342,2,0),"") | G74: =IFERROR(VLOOKUP(G73,科目・教員!$A$2:$B$342,2,0),"") | I74: =IFERROR(VLOOKUP(I73,科目・教員!$A$2:$B$342,2,0),"") | K74: =IFERROR(VLOOKUP(K73,科目・教員!$A$2:$B$342,2,0),"") | M74: =IFERROR(VLOOKUP(M73,科目・教員!$A$2:$B$342,2,0),"") | O74: =IFERROR(VLOOKUP(O73,科目・教員!$A$2:$B$342,2,0),"") | Q74: =IFERROR(VLOOKUP(Q73,科目・教員!$A$2:$B$342,2,0),"") | S74: =IFERROR(VLOOKUP(S73,科目・教員!$A$2:$B$342,2,0),"")
B75: 使用教室 | C75: =VLOOKUP($C52,'2026年度(1年後期)'!$B$5:$N$207,COLUMN('2026年度(1年後期)'!$K$5)+1,0)&"" | E75: =VLOOKUP($C52,'2026年度(2年後期)'!$B$5:$N$207,COLUMN('2026年度(2年後期)'!$K$5)+1,0)&"" | G75: =VLOOKUP($C52,'2026年度(3年後期)'!$B$5:$N$207,COLUMN('2026年度(3年後期)'!$K$5)+1,0)&"" | I75: =VLOOKUP($C52,'2026年度(4年後期)'!$B$5:$N$206,COLUMN('2026年度(4年後期)'!$K$5)+1,0)&"" | K75: =VLOOKUP($C52,'2026年度(助産後期)'!$B$5:$N$207,COLUMN('2026年度(助産後期)'!$K$5)+1,0)&"" | M75: =VLOOKUP($C52,'2026年度(M1後期)'!$B$5:$N$207,COLUMN('2026年度(M1後期)'!$K$5)+1,0)&"" | O75: =VLOOKUP($C52,'2026年度(M2後期)'!$B$5:$N$207,COLUMN('2026年度(M2後期)'!$K$5)+1,0)&"" | Q75: =VLOOKUP($C52,'2026年度(D1後期)'!$B$5:$N$207,COLUMN('2026年度(D1後期)'!$K$5)+1,0)&"" | S75: =VLOOKUP($C52,'2026年度(D23後期)'!$B$5:$N$207,COLUMN('2026年度(D23後期)'!$K$5)+1,0)&""
B76: 備 考
C77: =C52+1 -> 46391 | U77: =C77 -> 46391 | AA77: 101 | AB77: 102 | AC77: 103 | AD77: 在宅実習室 | AE77: 成人実習室 | AF77: 講堂 | AG77: 201 | AH77: 202 | AI77: 203 | AJ77: 204 | AK77: 205 | AL77: 基礎実習室 | AM77: 母性・小児実習室 | AN77: 演習21 | AO77: 演習22 | AP77: 演習23 | AQ77: 演習24 | AR77: 演習25 | AS77: 演習26 | AT77: 演習27 | AU77: 演習28 | AV77: 演習29 | AW77: 301 | AX77: 302 | AY77: 303 | AZ77: 304 | BA77: 臨床１ | BB77: 臨床２ | BC77: LL1 | BD77: LL2 | BE77: 実験室 | BF77: 情報処理室 | BG77: 演習31 | BH77: 演習32 | BI77: セミナー室１ | BJ77: セミナー室２ | BK77: セミナー室3 | BL77: セミナー室4 | BM77: セミナー室5 | BN77: 大講義室 | BO77: アリーナ | BP77: 研修１ | BQ77: 研修３ | BR77: 研修４ | BS77: 研修５ | BT77: 研修６ | BU77: 研修７ | BV77: 視聴覚室
A78: １時限（09：20～10：50） | B78: 科目名 | C78: =VLOOKUP($C77,'2026年度(1年後期)'!$B$5:$N$207,COLUMN('2026年度(1年後期)'!$C$5),0)&"" | E78: =VLOOKUP($C77,'2026年度(2年後期)'!$B$5:$N$207,COLUMN('2026年度(2年後期)'!$C$5),0)&"" | G78: =VLOOKUP($C77,'2026年度(3年後期)'!$B$5:$N$207,COLUMN('2026年度(3年後期)'!$C$5),0)&"" | I78: =VLOOKUP($C77,'2026年度(4年後期)'!$B$5:$N$206,COLUMN('2026年度(4年後期)'!$C$5),0)&"" | K78: =VLOOKUP($C77,'2026年度(助産後期)'!$B$5:$N$207,COLUMN('2026年度(助産後期)'!$C$5),0)&"" | M78: =VLOOKUP($C77,'2026年度(M1後期)'!$B$5:$N$207,COLUMN('2026年度(M1後期)'!$C$5),0)&"" -> 看護情報・管理学演習A-Ⅰ 感染管理看護学演習A-Ⅰ | O78: =VLOOKUP($C77,'2026年度(M2後期)'!$B$5:$N$207,COLUMN('2026年度(M2後期)'!$C$5),0)&"" -> 特別研究 | Q78: =VLOOKUP($C77,'2026年度(D1後期)'!$B$5:$N$207,COLUMN('2026年度(D1後期)'!$C$5),0)&"" | S78: =VLOOKUP($C77,'2026年度(D23後期)'!$B$5:$N$207,COLUMN('2026年度(D23後期)'!$C$5),0)&"" -> 特別研究 | V78: ９：0０～17：00 | Z78: =A78 -> １時限（09：20～10：50） | AM78: 母性看護学実習（自主練）
B79: 教 官 | C79: =IFERROR(VLOOKUP(C78,科目・教員!$A$2:$B$342,2,0),"") | E79: =IFERROR(VLOOKUP(E78,科目・教員!$A$2:$B$342,2,0),"") | G79: =IFERROR(VLOOKUP(G78,科目・教員!$A$2:$B$342,2,0),"") | I79: =IFERROR(VLOOKUP(I78,科目・教員!$A$2:$B$342,2,0),"") | K79: =IFERROR(VLOOKUP(K78,科目・教員!$A$2:$B$342,2,0),"") | M79: =IFERROR(VLOOKUP(M78,科目・教員!$A$2:$B$342,2,0),"") | O79: =IFERROR(VLOOKUP(O78,科目・教員!$A$2:$B$342,2,0),"") | Q79: =IFERROR(VLOOKUP(Q78,科目・教員!$A$2:$B$342,2,0),"") | S79: =IFERROR(VLOOKUP(S78,科目・教員!$A$2:$B$342,2,0),"") | V79: 母性看護学実習（自主練）
B80: 使用教室 | C80: =VLOOKUP($C77,'2026年度(1年後期)'!$B$5:$N$207,COLUMN('2026年度(1年後期)'!$C$5)+1,0)&"" | E80: =VLOOKUP($C77,'2026年度(2年後期)'!$B$5:$N$207,COLUMN('2026年度(2年後期)'!$C$5)+1,0)&"" | G80: =VLOOKUP($C77,'2026年度(3年後期)'!$B$5:$N$207,COLUMN('2026年度(3年後期)'!$C$5)+1,0)&"" | I80: =VLOOKUP($C77,'2026年度(4年後期)'!$B$5:$N$206,COLUMN('2026年度(4年後期)'!$C$5)+1,0)&"" | K80: =VLOOKUP($C77,'2026年度(助産後期)'!$B$5:$N$207,COLUMN('2026年度(助産後期)'!$C$5)+1,0)&"" | M80: =VLOOKUP($C77,'2026年度(M1後期)'!$B$5:$N$207,COLUMN('2026年度(M1後期)'!$C$5)+1,0)&"" | O80: =VLOOKUP($C77,'2026年度(M2後期)'!$B$5:$N$207,COLUMN('2026年度(M2後期)'!$C$5)+1,0)&"" | Q80: =VLOOKUP($C77,'2026年度(D1後期)'!$B$5:$N$207,COLUMN('2026年度(D1後期)'!$C$5)+1,0)&"" | S80: =VLOOKUP($C77,'2026年度(D23後期)'!$B$5:$N$207,COLUMN('2026年度(D23後期)'!$C$5)+1,0)&"" | V80: 齋藤先生
B81: 備 考 | V81: 母性小児看護実習室
A82: ２時限（11：00～12：30） | B82: 科目名 | C82: =VLOOKUP($C77,'2026年度(1年後期)'!$B$5:$N$207,COLUMN('2026年度(1年後期)'!$E$5),0)&"" | E82: =VLOOKUP($C77,'2026年度(2年後期)'!$B$5:$N$207,COLUMN('2026年度(2年後期)'!$E$5),0)&"" | G82: =VLOOKUP($C77,'2026年度(3年後期)'!$B$5:$N$207,COLUMN('2026年度(3年後期)'!$E$5),0)&"" | I82: =VLOOKUP($C77,'2026年度(4年後期)'!$B$5:$N$206,COLUMN('2026年度(4年後期)'!$E$5),0)&"" | K82: =VLOOKUP($C77,'2026年度(助産後期)'!$B$5:$N$207,COLUMN('2026年度(助産後期)'!$E$5),0)&"" | M82: =VLOOKUP($C77,'2026年度(M1後期)'!$B$5:$N$207,COLUMN('2026年度(M1後期)'!$E$5),0)&"" -> 看護情報・管理学演習A-Ⅰ 感染管理看護学演習A-Ⅰ | O82: =VLOOKUP($C77,'2026年度(M2後期)'!$B$5:$N$207,COLUMN('2026年度(M2後期)'!$E$5),0)&"" -> 特別研究 | Q82: =VLOOKUP($C77,'2026年度(D1後期)'!$B$5:$N$207,COLUMN('2026年度(D1後期)'!$E$5),0)&"" | S82: =VLOOKUP($C77,'2026年度(D23後期)'!$B$5:$N$207,COLUMN('2026年度(D23後期)'!$E$5),0)&"" -> 特別研究 | Z82: =A82 -> ２時限（11：00～12：30） | AM82: 母性看護学実習（自主練）
B83: 教 官 | C83: =IFERROR(VLOOKUP(C82,科目・教員!$A$2:$B$342,2,0),"") | E83: =IFERROR(VLOOKUP(E82,科目・教員!$A$2:$B$342,2,0),"") | G83: =IFERROR(VLOOKUP(G82,科目・教員!$A$2:$B$342,2,0),"") | I83: =IFERROR(VLOOKUP(I82,科目・教員!$A$2:$B$342,2,0),"") | K83: =IFERROR(VLOOKUP(K82,科目・教員!$A$2:$B$342,2,0),"") | M83: =IFERROR(VLOOKUP(M82,科目・教員!$A$2:$B$342,2,0),"") | O83: =IFERROR(VLOOKUP(O82,科目・教員!$A$2:$B$342,2,0),"") | Q83: =IFERROR(VLOOKUP(Q82,科目・教員!$A$2:$B$342,2,0),"") | S83: =IFERROR(VLOOKUP(S82,科目・教員!$A$2:$B$342,2,0),"")
B84: 使用教室 | C84: =VLOOKUP($C77,'2026年度(1年後期)'!$B$5:$N$207,COLUMN('2026年度(1年後期)'!$E$5)+1,0)&"" | E84: =VLOOKUP($C77,'2026年度(2年後期)'!$B$5:$N$207,COLUMN('2026年度(2年後期)'!$E$5)+1,0)&"" | G84: =VLOOKUP($C77,'2026年度(3年後期)'!$B$5:$N$207,COLUMN('2026年度(3年後期)'!$E$5)+1,0)&"" | I84: =VLOOKUP($C77,'2026年度(4年後期)'!$B$5:$N$206,COLUMN('2026年度(4年後期)'!$E$5)+1,0)&"" | K84: =VLOOKUP($C77,'2026年度(助産後期)'!$B$5:$N$207,COLUMN('2026年度(助産後期)'!$E$5)+1,0)&"" | M84: =VLOOKUP($C77,'2026年度(M1後期)'!$B$5:$N$207,COLUMN('2026年度(M1後期)'!$E$5)+1,0)&"" | O84: =VLOOKUP($C77,'2026年度(M2後期)'!$B$5:$N$207,COLUMN('2026年度(M2後期)'!$E$5)+1,0)&"" | Q84: =VLOOKUP($C77,'2026年度(D1後期)'!$B$5:$N$207,COLUMN('2026年度(D1後期)'!$E$5)+1,0)&"" | S84: =VLOOKUP($C77,'2026年度(D23後期)'!$B$5:$N$207,COLUMN('2026年度(D23後期)'!$E$5)+1,0)&""
B85: 備 考
A86: 昼休み（12：30～13：30） | B86: 活動名 | Z86: =A86 -> 昼休み（12：30～13：30） | AM86: 母性看護学実習（自主練）
B87: 責任者
B88: 使用教室
B89: 備 考
A90: ３時限（13：30～15：00） | B90: 科目名 | C90: =VLOOKUP($C77,'2026年度(1年後期)'!$B$5:$N$207,COLUMN('2026年度(1年後期)'!$G$5),0)&"" | E90: =VLOOKUP($C77,'2026年度(2年後期)'!$B$5:$N$207,COLUMN('2026年度(2年後期)'!$G$5),0)&"" | G90: =VLOOKUP($C77,'2026年度(3年後期)'!$B$5:$N$207,COLUMN('2026年度(3年後期)'!$G$5),0)&"" | I90: =VLOOKUP($C77,'2026年度(4年後期)'!$B$5:$N$206,COLUMN('2026年度(4年後期)'!$G$5),0)&"" | K90: =VLOOKUP($C77,'2026年度(助産後期)'!$B$5:$N$207,COLUMN('2026年度(助産後期)'!$G$5),0)&"" | M90: =VLOOKUP($C77,'2026年度(M1後期)'!$B$5:$N$207,COLUMN('2026年度(M1後期)'!$G$5),0)&"" -> 成人看護学演習A-Ⅰ | O90: =VLOOKUP($C77,'2026年度(M2後期)'!$B$5:$N$207,COLUMN('2026年度(M2後期)'!$G$5),0)&"" -> 特別研究 | Q90: =VLOOKUP($C77,'2026年度(D1後期)'!$B$5:$N$207,COLUMN('2026年度(D1後期)'!$G$5),0)&"" | S90: =VLOOKUP($C77,'2026年度(D23後期)'!$B$5:$N$207,COLUMN('2026年度(D23後期)'!$G$5),0)&"" -> 特別研究 | Z90: =A90 -> ３時限（13：30～15：00） | AM90: 母性看護学実習（自主練）
B91: 教 官 | C91: =IFERROR(VLOOKUP(C90,科目・教員!$A$2:$B$342,2,0),"") | E91: =IFERROR(VLOOKUP(E90,科目・教員!$A$2:$B$342,2,0),"") | G91: =IFERROR(VLOOKUP(G90,科目・教員!$A$2:$B$342,2,0),"") | I91: =IFERROR(VLOOKUP(I90,科目・教員!$A$2:$B$342,2,0),"") | K91: =IFERROR(VLOOKUP(K90,科目・教員!$A$2:$B$342,2,0),"") | M91: =IFERROR(VLOOKUP(M90,科目・教員!$A$2:$B$342,2,0),"") | O91: =IFERROR(VLOOKUP(O90,科目・教員!$A$2:$B$342,2,0),"") | Q91: =IFERROR(VLOOKUP(Q90,科目・教員!$A$2:$B$342,2,0),"") | S91: =IFERROR(VLOOKUP(S90,科目・教員!$A$2:$B$342,2,0),"")
B92: 使用教室 | C92: =VLOOKUP($C77,'2026年度(1年後期)'!$B$5:$N$207,COLUMN('2026年度(1年後期)'!$G$5)+1,0)&"" | E92: =VLOOKUP($C77,'2026年度(2年後期)'!$B$5:$N$207,COLUMN('2026年度(2年後期)'!$G$5)+1,0)&"" | G92: =VLOOKUP($C77,'2026年度(3年後期)'!$B$5:$N$207,COLUMN('2026年度(3年後期)'!$G$5)+1,0)&"" | I92: =VLOOKUP($C77,'2026年度(4年後期)'!$B$5:$N$206,COLUMN('2026年度(4年後期)'!$G$5)+1,0)&"" | K92: =VLOOKUP($C77,'2026年度(助産後期)'!$B$5:$N$207,COLUMN('2026年度(助産後期)'!$G$5)+1,0)&"" | M92: =VLOOKUP($C77,'2026年度(M1後期)'!$B$5:$N$207,COLUMN('2026年度(M1後期)'!$G$5)+1,0)&"" | O92: =VLOOKUP($C77,'2026年度(M2後期)'!$B$5:$N$207,COLUMN('2026年度(M2後期)'!$G$5)+1,0)&"" | Q92: =VLOOKUP($C77,'2026年度(D1後期)'!$B$5:$N$207,COLUMN('2026年度(D1後期)'!$G$5)+1,0)&"" | S92: =VLOOKUP($C77,'2026年度(D23後期)'!$B$5:$N$207,COLUMN('2026年度(D23後期)'!$G$5)+1,0)&""
B93: 備 考
A94: ４時限（15：10～16：40） | B94: 科目名 | C94: =VLOOKUP($C77,'2026年度(1年後期)'!$B$5:$N$207,COLUMN('2026年度(1年後期)'!$I$5),0)&"" | E94: =VLOOKUP($C77,'2026年度(2年後期)'!$B$5:$N$207,COLUMN('2026年度(2年後期)'!$I$5),0)&"" | G94: =VLOOKUP($C77,'2026年度(3年後期)'!$B$5:$N$207,COLUMN('2026年度(3年後期)'!$I$5),0)&"" | I94: =VLOOKUP($C77,'2026年度(4年後期)'!$B$5:$N$206,COLUMN('2026年度(4年後期)'!$I$5),0)&"" | K94: =VLOOKUP($C77,'2026年度(助産後期)'!$B$5:$N$207,COLUMN('2026年度(助産後期)'!$I$5),0)&"" | M94: =VLOOKUP($C77,'2026年度(M1後期)'!$B$5:$N$207,COLUMN('2026年度(M1後期)'!$I$5),0)&"" -> 成人看護学演習A-Ⅰ | O94: =VLOOKUP($C77,'2026年度(M2後期)'!$B$5:$N$207,COLUMN('2026年度(M2後期)'!$I$5),0)&"" -> 特別研究 | Q94: =VLOOKUP($C77,'2026年度(D1後期)'!$B$5:$N$207,COLUMN('2026年度(D1後期)'!$I$5),0)&"" | S94: =VLOOKUP($C77,'2026年度(D23後期)'!$B$5:$N$207,COLUMN('2026年度(D23後期)'!$I$5),0)&"" -> 特別研究 | Z94: =A94 -> ４時限（15：10～16：40） | AM94: 母性看護学実習（自主練）
B95: 教 官 | C95: =IFERROR(VLOOKUP(C94,科目・教員!$A$2:$B$342,2,0),"") | E95: =IFERROR(VLOOKUP(E94,科目・教員!$A$2:$B$342,2,0),"") | G95: =IFERROR(VLOOKUP(G94,科目・教員!$A$2:$B$342,2,0),"") | I95: =IFERROR(VLOOKUP(I94,科目・教員!$A$2:$B$342,2,0),"") | K95: =IFERROR(VLOOKUP(K94,科目・教員!$A$2:$B$342,2,0),"") | M95: =IFERROR(VLOOKUP(M94,科目・教員!$A$2:$B$342,2,0),"") | O95: =IFERROR(VLOOKUP(O94,科目・教員!$A$2:$B$342,2,0),"") | Q95: =IFERROR(VLOOKUP(Q94,科目・教員!$A$2:$B$342,2,0),"") | S95: =IFERROR(VLOOKUP(S94,科目・教員!$A$2:$B$342,2,0),"")
B96: 使用教室 | C96: =VLOOKUP($C77,'2026年度(1年後期)'!$B$5:$N$207,COLUMN('2026年度(1年後期)'!$I$5)+1,0)&"" | E96: =VLOOKUP($C77,'2026年度(2年後期)'!$B$5:$N$207,COLUMN('2026年度(2年後期)'!$I$5)+1,0)&"" | G96: =VLOOKUP($C77,'2026年度(3年後期)'!$B$5:$N$207,COLUMN('2026年度(3年後期)'!$I$5)+1,0)&"" | I96: =VLOOKUP($C77,'2026年度(4年後期)'!$B$5:$N$206,COLUMN('2026年度(4年後期)'!$I$5)+1,0)&"" | K96: =VLOOKUP($C77,'2026年度(助産後期)'!$B$5:$N$207,COLUMN('2026年度(助産後期)'!$I$5)+1,0)&"" | M96: =VLOOKUP($C77,'2026年度(M1後期)'!$B$5:$N$207,COLUMN('2026年度(M1後期)'!$I$5)+1,0)&"" | O96: =VLOOKUP($C77,'2026年度(M2後期)'!$B$5:$N$207,COLUMN('2026年度(M2後期)'!$I$5)+1,0)&"" | Q96: =VLOOKUP($C77,'2026年度(D1後期)'!$B$5:$N$207,COLUMN('2026年度(D1後期)'!$I$5)+1,0)&"" | S96: =VLOOKUP($C77,'2026年度(D23後期)'!$B$5:$N$207,COLUMN('2026年度(D23後期)'!$I$5)+1,0)&""
B97: 備 考
A98: ５時限（16：50～18：20） | B98: 科目名 | C98: =VLOOKUP($C77,'2026年度(1年後期)'!$B$5:$N$207,COLUMN('2026年度(1年後期)'!$K$5),0)&"" | E98: =VLOOKUP($C77,'2026年度(2年後期)'!$B$5:$N$207,COLUMN('2026年度(2年後期)'!$K$5),0)&"" | G98: =VLOOKUP($C77,'2026年度(3年後期)'!$B$5:$N$207,COLUMN('2026年度(3年後期)'!$K$5),0)&"" | I98: =VLOOKUP($C77,'2026年度(4年後期)'!$B$5:$N$206,COLUMN('2026年度(4年後期)'!$K$5),0)&"" | K98: =VLOOKUP($C77,'2026年度(助産後期)'!$B$5:$N$207,COLUMN('2026年度(助産後期)'!$K$5),0)&"" | M98: =VLOOKUP($C77,'2026年度(M1後期)'!$B$5:$N$207,COLUMN('2026年度(M1後期)'!$K$5),0)&"" | O98: =VLOOKUP($C77,'2026年度(M2後期)'!$B$5:$N$207,COLUMN('2026年度(M2後期)'!$K$5),0)&"" | Q98: =VLOOKUP($C77,'2026年度(D1後期)'!$B$5:$N$207,COLUMN('2026年度(D1後期)'!$K$5),0)&"" | S98: =VLOOKUP($C77,'2026年度(D23後期)'!$B$5:$N$207,COLUMN('2026年度(D23後期)'!$K$5),0)&"" | Z98: =A98 -> ５時限（16：50～18：20） | AM98: 母性看護学実習（自主練）
B99: 教 官 | C99: =IFERROR(VLOOKUP(C98,科目・教員!$A$2:$B$342,2,0),"") | E99: =IFERROR(VLOOKUP(E98,科目・教員!$A$2:$B$342,2,0),"") | G99: =IFERROR(VLOOKUP(G98,科目・教員!$A$2:$B$342,2,0),"") | I99: =IFERROR(VLOOKUP(I98,科目・教員!$A$2:$B$342,2,0),"") | K99: =IFERROR(VLOOKUP(K98,科目・教員!$A$2:$B$342,2,0),"") | M99: =IFERROR(VLOOKUP(M98,科目・教員!$A$2:$B$342,2,0),"") | O99: =IFERROR(VLOOKUP(O98,科目・教員!$A$2:$B$342,2,0),"") | Q99: =IFERROR(VLOOKUP(Q98,科目・教員!$A$2:$B$342,2,0),"") | S99: =IFERROR(VLOOKUP(S98,科目・教員!$A$2:$B$342,2,0),"")
B100: 使用教室 | C100: =VLOOKUP($C77,'2026年度(1年後期)'!$B$5:$N$207,COLUMN('2026年度(1年後期)'!$K$5)+1,0)&"" | E100: =VLOOKUP($C77,'2026年度(2年後期)'!$B$5:$N$207,COLUMN('2026年度(2年後期)'!$K$5)+1,0)&"" | G100: =VLOOKUP($C77,'2026年度(3年後期)'!$B$5:$N$207,COLUMN('2026年度(3年後期)'!$K$5)+1,0)&"" | I100: =VLOOKUP($C77,'2026年度(4年後期)'!$B$5:$N$206,COLUMN('2026年度(4年後期)'!$K$5)+1,0)&"" | K100: =VLOOKUP($C77,'2026年度(助産後期)'!$B$5:$N$207,COLUMN('2026年度(助産後期)'!$K$5)+1,0)&"" | M100: =VLOOKUP($C77,'2026年度(M1後期)'!$B$5:$N$207,COLUMN('2026年度(M1後期)'!$K$5)+1,0)&"" | O100: =VLOOKUP($C77,'2026年度(M2後期)'!$B$5:$N$207,COLUMN('2026年度(M2後期)'!$K$5)+1,0)&"" | Q100: =VLOOKUP($C77,'2026年度(D1後期)'!$B$5:$N$207,COLUMN('2026年度(D1後期)'!$K$5)+1,0)&"" | S100: =VLOOKUP($C77,'2026年度(D23後期)'!$B$5:$N$207,COLUMN('2026年度(D23後期)'!$K$5)+1,0)&""
...

Sheet 2027年2月
A1: 46419 | C1: １年 | E1: ２年 | G1: ３年 | I1: ４年 | K1: 助産 | M1: 研究課程部 Ｍ１ | O1: 研究課程部 Ｍ２ | Q1: 研究課程部 Ｄ１ | S1: 研究課程部 Ｄ２３ | U1: =A1 -> 46419 | V1: 授業外その他教室等管理スケジュール | AA1: １階 | AG1: ２階 | AW1: ３階 | BI1: ４階 | BN1: 体育棟 | BP1: 研修棟
C2: =A1 -> 46419 | U2: =C2 -> 46419 | AA2: 101 | AB2: 102 | AC2: 103 | AD2: 在宅実習室 | AE2: 成人実習室 | AF2: 講堂 | AG2: 201 | AH2: 202 | AI2: 203 | AJ2: 204 | AK2: 205 | AL2: 基礎実習室 | AM2: 母性・小児実習室 | AN2: 演習21 | AO2: 演習22 | AP2: 演習23 | AQ2: 演習24 | AR2: 演習25 | AS2: 演習26 | AT2: 演習27 | AU2: 演習28 | AV2: 演習29 | AW2: 301 | AX2: 302 | AY2: 303 | AZ2: 304 | BA2: 臨床１ | BB2: 臨床２ | BC2: LL1 | BD2: LL2 | BE2: 実験室 | BF2: 情報処理室 | BG2: 演習31 | BH2: 演習32 | BI2: セミナー室１ | BJ2: セミナー室２ | BK2: セミナー室3 | BL2: セミナー室4 | BM2: セミナー室5 | BN2: 大講義室 | BO2: アリーナ | BP2: 研修１ | BQ2: 研修３ | BR2: 研修４ | BS2: 研修５ | BT2: 研修６ | BU2: 研修７ | BV2: 視聴覚室
A3: １時限（09：20～10：50） | B3: 科目名 | C3: =VLOOKUP($C2,'2026年度(1年後期)'!$B$5:$N$207,COLUMN('2026年度(1年後期)'!$C$5),0)&"" -> 心と発達 期末試験 | E3: =VLOOKUP($C2,'2026年度(2年後期)'!$B$5:$N$207,COLUMN('2026年度(2年後期)'!$C$5),0)&"" | G3: =VLOOKUP($C2,'2026年度(3年後期)'!$B$5:$N$207,COLUMN('2026年度(3年後期)'!$C$5),0)&"" -> 領域別実習 | I3: =VLOOKUP($C2,'2026年度(4年後期)'!$B$5:$N$206,COLUMN('2026年度(4年後期)'!$C$5),0)&"" | K3: =VLOOKUP($C2,'2026年度(助産後期)'!$B$5:$N$207,COLUMN('2026年度(助産後期)'!$C$5),0)&"" | M3: =VLOOKUP($C2,'2026年度(M1後期)'!$B$5:$N$207,COLUMN('2026年度(M1後期)'!$C$5),0)&"" -> 看護情報・管理学演習A-Ⅰ 感染管理看護学演習A-Ⅰ | O3: =VLOOKUP($C2,'2026年度(M2後期)'!$B$5:$N$207,COLUMN('2026年度(M2後期)'!$C$5),0)&"" -> 特別研究 | Q3: =VLOOKUP($C2,'2026年度(D1後期)'!$B$5:$N$207,COLUMN('2026年度(D1後期)'!$C$5),0)&"" | S3: =VLOOKUP($C2,'2026年度(D23後期)'!$B$5:$N$207,COLUMN('2026年度(D23後期)'!$C$5),0)&"" -> 特別研究 | Z3: =A3 -> １時限（09：20～10：50） | AG3: 母性看護学実習 | AH3: 心と発達 期末試験 | AI3: 心と発達 期末試験 | AM3: 母性看護学実習
B4: 教 官 | C4: =IFERROR(VLOOKUP(C3,科目・教員!$A$2:$B$342,2,0),"") | E4: =IFERROR(VLOOKUP(E3,科目・教員!$A$2:$B$342,2,0),"") | G4: =IFERROR(VLOOKUP(G3,科目・教員!$A$2:$B$342,2,0),"") | I4: =IFERROR(VLOOKUP(I3,科目・教員!$A$2:$B$342,2,0),"") | K4: =IFERROR(VLOOKUP(K3,科目・教員!$A$2:$B$342,2,0),"") | M4: =IFERROR(VLOOKUP(M3,科目・教員!$A$2:$B$342,2,0),"") | O4: =IFERROR(VLOOKUP(O3,科目・教員!$A$2:$B$342,2,0),"") | Q4: =IFERROR(VLOOKUP(Q3,科目・教員!$A$2:$B$342,2,0),"") | S4: =IFERROR(VLOOKUP(S3,科目・教員!$A$2:$B$342,2,0),"")
B5: 使用教室 | C5: =VLOOKUP($C2,'2026年度(1年後期)'!$B$5:$N$207,COLUMN('2026年度(1年後期)'!$C$5)+1,0)&"" -> 202･203 | E5: =VLOOKUP($C2,'2026年度(2年後期)'!$B$5:$N$207,COLUMN('2026年度(2年後期)'!$C$5)+1,0)&"" | G5: =VLOOKUP($C2,'2026年度(3年後期)'!$B$5:$N$207,COLUMN('2026年度(3年後期)'!$C$5)+1,0)&"" -> 母性:201･母小実 | I5: =VLOOKUP($C2,'2026年度(4年後期)'!$B$5:$N$206,COLUMN('2026年度(4年後期)'!$C$5)+1,0)&"" | K5: =VLOOKUP($C2,'2026年度(助産後期)'!$B$5:$N$207,COLUMN('2026年度(助産後期)'!$C$5)+1,0)&"" | M5: =VLOOKUP($C2,'2026年度(M1後期)'!$B$5:$N$207,COLUMN('2026年度(M1後期)'!$C$5)+1,0)&"" | O5: =VLOOKUP($C2,'2026年度(M2後期)'!$B$5:$N$207,COLUMN('2026年度(M2後期)'!$C$5)+1,0)&"" | Q5: =VLOOKUP($C2,'2026年度(D1後期)'!$B$5:$N$207,COLUMN('2026年度(D1後期)'!$C$5)+1,0)&"" | S5: =VLOOKUP($C2,'2026年度(D23後期)'!$B$5:$N$207,COLUMN('2026年度(D23後期)'!$C$5)+1,0)&""
B6: 備 考
A7: ２時限（11：00～12：30） | B7: 科目名 | C7: =VLOOKUP($C2,'2026年度(1年後期)'!$B$5:$N$207,COLUMN('2026年度(1年後期)'!$E$5),0)&"" -> 疾病・病態論Ⅰ 期末試験 | E7: =VLOOKUP($C2,'2026年度(2年後期)'!$B$5:$N$207,COLUMN('2026年度(2年後期)'!$E$5),0)&"" -> 生活援助論Ⅳ 期末試験 | G7: =VLOOKUP($C2,'2026年度(3年後期)'!$B$5:$N$207,COLUMN('2026年度(3年後期)'!$E$5),0)&"" -> 領域別実習 | I7: =VLOOKUP($C2,'2026年度(4年後期)'!$B$5:$N$206,COLUMN('2026年度(4年後期)'!$E$5),0)&"" | K7: =VLOOKUP($C2,'2026年度(助産後期)'!$B$5:$N$207,COLUMN('2026年度(助産後期)'!$E$5),0)&"" | M7: =VLOOKUP($C2,'2026年度(M1後期)'!$B$5:$N$207,COLUMN('2026年度(M1後期)'!$E$5),0)&"" -> 看護情報・管理学演習A-Ⅰ 感染管理看護学演習A-Ⅰ | O7: =VLOOKUP($C2,'2026年度(M2後期)'!$B$5:$N$207,COLUMN('2026年度(M2後期)'!$E$5),0)&"" -> 特別研究 | Q7: =VLOOKUP($C2,'2026年度(D1後期)'!$B$5:$N$207,COLUMN('2026年度(D1後期)'!$E$5),0)&"" | S7: =VLOOKUP($C2,'2026年度(D23後期)'!$B$5:$N$207,COLUMN('2026年度(D23後期)'!$E$5),0)&"" -> 特別研究 | Z7: =A7 -> ２時限（11：00～12：30） | AG7: 母性看護学実習 | AH7: 疾病･病態論Ⅰ 期末試験 | AI7: 疾病･病態論Ⅰ 期末試験 | AM7: 母性看護学実習 | BN7: 生活援助論Ⅳ 期末試験
B8: 教 官 | C8: =IFERROR(VLOOKUP(C7,科目・教員!$A$2:$B$342,2,0),"") | E8: =IFERROR(VLOOKUP(E7,科目・教員!$A$2:$B$342,2,0),"") | G8: =IFERROR(VLOOKUP(G7,科目・教員!$A$2:$B$342,2,0),"") | I8: =IFERROR(VLOOKUP(I7,科目・教員!$A$2:$B$342,2,0),"") | K8: =IFERROR(VLOOKUP(K7,科目・教員!$A$2:$B$342,2,0),"") | M8: =IFERROR(VLOOKUP(M7,科目・教員!$A$2:$B$342,2,0),"") | O8: =IFERROR(VLOOKUP(O7,科目・教員!$A$2:$B$342,2,0),"") | Q8: =IFERROR(VLOOKUP(Q7,科目・教員!$A$2:$B$342,2,0),"") | S8: =IFERROR(VLOOKUP(S7,科目・教員!$A$2:$B$342,2,0),"")
B9: 使用教室 | C9: =VLOOKUP($C2,'2026年度(1年後期)'!$B$5:$N$207,COLUMN('2026年度(1年後期)'!$E$5)+1,0)&"" -> 202･203 | E9: =VLOOKUP($C2,'2026年度(2年後期)'!$B$5:$N$207,COLUMN('2026年度(2年後期)'!$E$5)+1,0)&"" -> 大講義室 | G9: =VLOOKUP($C2,'2026年度(3年後期)'!$B$5:$N$207,COLUMN('2026年度(3年後期)'!$E$5)+1,0)&"" -> 母性:201･母小実 | I9: =VLOOKUP($C2,'2026年度(4年後期)'!$B$5:$N$206,COLUMN('2026年度(4年後期)'!$E$5)+1,0)&"" | K9: =VLOOKUP($C2,'2026年度(助産後期)'!$B$5:$N$207,COLUMN('2026年度(助産後期)'!$E$5)+1,0)&"" | M9: =VLOOKUP($C2,'2026年度(M1後期)'!$B$5:$N$207,COLUMN('2026年度(M1後期)'!$E$5)+1,0)&"" | O9: =VLOOKUP($C2,'2026年度(M2後期)'!$B$5:$N$207,COLUMN('2026年度(M2後期)'!$E$5)+1,0)&"" | Q9: =VLOOKUP($C2,'2026年度(D1後期)'!$B$5:$N$207,COLUMN('2026年度(D1後期)'!$E$5)+1,0)&"" | S9: =VLOOKUP($C2,'2026年度(D23後期)'!$B$5:$N$207,COLUMN('2026年度(D23後期)'!$E$5)+1,0)&""
B10: 備 考
A11: 昼休み（12：30～13：30） | B11: 活動名 | Z11: =A11 -> 昼休み（12：30～13：30）
B12: 責任者
B13: 使用教室
B14: 備 考
A15: ３時限（13：30～15：00） | B15: 科目名 | C15: =VLOOKUP($C2,'2026年度(1年後期)'!$B$5:$N$207,COLUMN('2026年度(1年後期)'!$G$5),0)&"" -> 英語Ⅱ 期末試験 | E15: =VLOOKUP($C2,'2026年度(2年後期)'!$B$5:$N$207,COLUMN('2026年度(2年後期)'!$G$5),0)&"" -> 小児看護学概論・小児看護援助論Ⅰ 期末試験 | G15: =VLOOKUP($C2,'2026年度(3年後期)'!$B$5:$N$207,COLUMN('2026年度(3年後期)'!$G$5),0)&"" -> 領域別実習 | I15: =VLOOKUP($C2,'2026年度(4年後期)'!$B$5:$N$206,COLUMN('2026年度(4年後期)'!$G$5),0)&"" | K15: =VLOOKUP($C2,'2026年度(助産後期)'!$B$5:$N$207,COLUMN('2026年度(助産後期)'!$G$5),0)&"" | M15: =VLOOKUP($C2,'2026年度(M1後期)'!$B$5:$N$207,COLUMN('2026年度(M1後期)'!$G$5),0)&"" -> 成人看護学演習A-Ⅰ | O15: =VLOOKUP($C2,'2026年度(M2後期)'!$B$5:$N$207,COLUMN('2026年度(M2後期)'!$G$5),0)&"" -> 特別研究 | Q15: =VLOOKUP($C2,'2026年度(D1後期)'!$B$5:$N$207,COLUMN('2026年度(D1後期)'!$G$5),0)&"" | S15: =VLOOKUP($C2,'2026年度(D23後期)'!$B$5:$N$207,COLUMN('2026年度(D23後期)'!$G$5),0)&"" -> 特別研究 | Z15: =A15 -> ３時限（13：30～15：00） | AG15: 母性看護学実習 | AH15: 英語Ⅱ 期末試験 | AI15: 英語Ⅱ 期末試験 | AM15: 母性看護学実習 | BN15: 小児看護学概論･小児看護援助論Ⅰ 期末試験
B16: 教 官 | C16: =IFERROR(VLOOKUP(C15,科目・教員!$A$2:$B$342,2,0),"") | E16: =IFERROR(VLOOKUP(E15,科目・教員!$A$2:$B$342,2,0),"") | G16: =IFERROR(VLOOKUP(G15,科目・教員!$A$2:$B$342,2,0),"") | I16: =IFERROR(VLOOKUP(I15,科目・教員!$A$2:$B$342,2,0),"") | K16: =IFERROR(VLOOKUP(K15,科目・教員!$A$2:$B$342,2,0),"") | M16: =IFERROR(VLOOKUP(M15,科目・教員!$A$2:$B$342,2,0),"") | O16: =IFERROR(VLOOKUP(O15,科目・教員!$A$2:$B$342,2,0),"") | Q16: =IFERROR(VLOOKUP(Q15,科目・教員!$A$2:$B$342,2,0),"") | S16: =IFERROR(VLOOKUP(S15,科目・教員!$A$2:$B$342,2,0),"")
B17: 使用教室 | C17: =VLOOKUP($C2,'2026年度(1年後期)'!$B$5:$N$207,COLUMN('2026年度(1年後期)'!$G$5)+1,0)&"" -> 202･203 | E17: =VLOOKUP($C2,'2026年度(2年後期)'!$B$5:$N$207,COLUMN('2026年度(2年後期)'!$G$5)+1,0)&"" -> 大講義室 | G17: =VLOOKUP($C2,'2026年度(3年後期)'!$B$5:$N$207,COLUMN('2026年度(3年後期)'!$G$5)+1,0)&"" -> 母性:201･母小実 | I17: =VLOOKUP($C2,'2026年度(4年後期)'!$B$5:$N$206,COLUMN('2026年度(4年後期)'!$G$5)+1,0)&"" | K17: =VLOOKUP($C2,'2026年度(助産後期)'!$B$5:$N$207,COLUMN('2026年度(助産後期)'!$G$5)+1,0)&"" | M17: =VLOOKUP($C2,'2026年度(M1後期)'!$B$5:$N$207,COLUMN('2026年度(M1後期)'!$G$5)+1,0)&"" | O17: =VLOOKUP($C2,'2026年度(M2後期)'!$B$5:$N$207,COLUMN('2026年度(M2後期)'!$G$5)+1,0)&"" | Q17: =VLOOKUP($C2,'2026年度(D1後期)'!$B$5:$N$207,COLUMN('2026年度(D1後期)'!$G$5)+1,0)&"" | S17: =VLOOKUP($C2,'2026年度(D23後期)'!$B$5:$N$207,COLUMN('2026年度(D23後期)'!$G$5)+1,0)&""
B18: 備 考
A19: ４時限（15：10～16：40） | B19: 科目名 | C19: =VLOOKUP($C2,'2026年度(1年後期)'!$B$5:$N$207,COLUMN('2026年度(1年後期)'!$I$5),0)&"" -> 国語表現法 期末試験 | E19: =VLOOKUP($C2,'2026年度(2年後期)'!$B$5:$N$207,COLUMN('2026年度(2年後期)'!$I$5),0)&"" -> 英語Ⅳ 期末試験 | G19: =VLOOKUP($C2,'2026年度(3年後期)'!$B$5:$N$207,COLUMN('2026年度(3年後期)'!$I$5),0)&"" -> 領域別実習 | I19: =VLOOKUP($C2,'2026年度(4年後期)'!$B$5:$N$206,COLUMN('2026年度(4年後期)'!$I$5),0)&"" | K19: =VLOOKUP($C2,'2026年度(助産後期)'!$B$5:$N$207,COLUMN('2026年度(助産後期)'!$I$5),0)&"" | M19: =VLOOKUP($C2,'2026年度(M1後期)'!$B$5:$N$207,COLUMN('2026年度(M1後期)'!$I$5),0)&"" -> 成人看護学演習A-Ⅰ | O19: =VLOOKUP($C2,'2026年度(M2後期)'!$B$5:$N$207,COLUMN('2026年度(M2後期)'!$I$5),0)&"" -> 特別研究 | Q19: =VLOOKUP($C2,'2026年度(D1後期)'!$B$5:$N$207,COLUMN('2026年度(D1後期)'!$I$5),0)&"" | S19: =VLOOKUP($C2,'2026年度(D23後期)'!$B$5:$N$207,COLUMN('2026年度(D23後期)'!$I$5),0)&"" -> 特別研究 | Z19: =A19 -> ４時限（15：10～16：40） | AC19: 国語表現法 期末試験 | AG19: 母性看護学実習 | AM19: 母性看護学実習 | BN19: 英語Ⅳ 期末試験
B20: 教 官 | C20: =IFERROR(VLOOKUP(C19,科目・教員!$A$2:$B$342,2,0),"") | E20: =IFERROR(VLOOKUP(E19,科目・教員!$A$2:$B$342,2,0),"") | G20: =IFERROR(VLOOKUP(G19,科目・教員!$A$2:$B$342,2,0),"") | I20: =IFERROR(VLOOKUP(I19,科目・教員!$A$2:$B$342,2,0),"") | K20: =IFERROR(VLOOKUP(K19,科目・教員!$A$2:$B$342,2,0),"") | M20: =IFERROR(VLOOKUP(M19,科目・教員!$A$2:$B$342,2,0),"") | O20: =IFERROR(VLOOKUP(O19,科目・教員!$A$2:$B$342,2,0),"") | Q20: =IFERROR(VLOOKUP(Q19,科目・教員!$A$2:$B$342,2,0),"") | S20: =IFERROR(VLOOKUP(S19,科目・教員!$A$2:$B$342,2,0),"")
B21: 使用教室 | C21: =VLOOKUP($C2,'2026年度(1年後期)'!$B$5:$N$207,COLUMN('2026年度(1年後期)'!$I$5)+1,0)&"" -> 103 | E21: =VLOOKUP($C2,'2026年度(2年後期)'!$B$5:$N$207,COLUMN('2026年度(2年後期)'!$I$5)+1,0)&"" -> 大講義室 | G21: =VLOOKUP($C2,'2026年度(3年後期)'!$B$5:$N$207,COLUMN('2026年度(3年後期)'!$I$5)+1,0)&"" -> 母性:201･母小実 | I21: =VLOOKUP($C2,'2026年度(4年後期)'!$B$5:$N$206,COLUMN('2026年度(4年後期)'!$I$5)+1,0)&"" | K21: =VLOOKUP($C2,'2026年度(助産後期)'!$B$5:$N$207,COLUMN('2026年度(助産後期)'!$I$5)+1,0)&"" | M21: =VLOOKUP($C2,'2026年度(M1後期)'!$B$5:$N$207,COLUMN('2026年度(M1後期)'!$I$5)+1,0)&"" | O21: =VLOOKUP($C2,'2026年度(M2後期)'!$B$5:$N$207,COLUMN('2026年度(M2後期)'!$I$5)+1,0)&"" | Q21: =VLOOKUP($C2,'2026年度(D1後期)'!$B$5:$N$207,COLUMN('2026年度(D1後期)'!$I$5)+1,0)&"" | S21: =VLOOKUP($C2,'2026年度(D23後期)'!$B$5:$N$207,COLUMN('2026年度(D23後期)'!$I$5)+1,0)&""
B22: 備 考
A23: ５時限（16：50～18：20） | B23: 科目名 | C23: =VLOOKUP($C2,'2026年度(1年後期)'!$B$5:$N$207,COLUMN('2026年度(1年後期)'!$K$5),0)&"" | E23: =VLOOKUP($C2,'2026年度(2年後期)'!$B$5:$N$207,COLUMN('2026年度(2年後期)'!$K$5),0)&"" | G23: =VLOOKUP($C2,'2026年度(3年後期)'!$B$5:$N$207,COLUMN('2026年度(3年後期)'!$K$5),0)&"" | I23: =VLOOKUP($C2,'2026年度(4年後期)'!$B$5:$N$206,COLUMN('2026年度(4年後期)'!$K$5),0)&"" | K23: =VLOOKUP($C2,'2026年度(助産後期)'!$B$5:$N$207,COLUMN('2026年度(助産後期)'!$K$5),0)&"" | M23: =VLOOKUP($C2,'2026年度(M1後期)'!$B$5:$N$207,COLUMN('2026年度(M1後期)'!$K$5),0)&"" | O23: =VLOOKUP($C2,'2026年度(M2後期)'!$B$5:$N$207,COLUMN('2026年度(M2後期)'!$K$5),0)&"" | Q23: =VLOOKUP($C2,'2026年度(D1後期)'!$B$5:$N$207,COLUMN('2026年度(D1後期)'!$K$5),0)&"" | S23: =VLOOKUP($C2,'2026年度(D23後期)'!$B$5:$N$207,COLUMN('2026年度(D23後期)'!$K$5),0)&"" | Z23: =A23 -> ５時限（16：50～18：20）
